SALESORDERID,SALESORDERITEM,PRODUCTID,NOTEID,CURRENCY,GROSSAMOUNT,NETAMOUNT,TAXAMOUNT,ITEMATPSTATUS,OPITEMPOS,QUANTITY,QUANTITYUNIT,DELIVERYDATE
0500000101,0000000010,RO-1003, ,USD,721,630.875,90.125,I,,3,EA,20180731
0500000101,0000000020,RC-1056, ,USD,2499,2186.625,312.375,I,,6,EA,20180731
0500000101,0000000030,CC-1021, ,USD,1144,1001,143,I,,4,EA,20180731
0500000101,0000000040,RO-1001, ,USD,525,459.375,65.625,I,,9,EA,20180731
0500000101,0000000050,HB-1176, ,USD,1199,1049.125,149.875,I,,5,EA,20180731
0500000101,0000000060,CB-1162, ,USD,400,350,50,I,,6,EA,20180731
0500000101,0000000070,DB-1083, ,USD,1199,1049.125,149.875,I,,9,EA,20180731
0500000101,0000000080,BX-1016, ,USD,319,279.125,39.875,I,,3,EA,20180731
0500000102,0000000010,BX-1014, ,USD,799,699.125,99.875,I,,9,EA,20180828
0500000103,0000000010,CC-1021, ,USD,1144,1001,143,I,,4,EA,20180809
0500000103,0000000020,RO-1001, ,USD,525,459.375,65.625,I,,8,EA,20180809
0500000103,0000000030,RC-1057, ,USD,4999,4374.125,624.875,I,,7,EA,20180809
0500000103,0000000040,CC-1022, ,USD,1200,1050,150,I,,6,EA,20180809
0500000103,0000000050,BX-1011, ,USD,249,217.875,31.125,I,,8,EA,20180809
0500000103,0000000060,RC-1053, ,USD,4599,4024.125,574.875,I,,6,EA,20180809
0500000103,0000000070,BX-1011, ,USD,249,217.875,31.125,I,,1,EA,20180809
0500000103,0000000080,HB-1173, ,USD,649,567.875,81.125,I,,6,EA,20180809
0500000103,0000000090,MB-1033, ,USD,3999,3499.125,499.875,I,,3,EA,20180809
0500000104,0000000010,RO-1001, ,USD,525,459.375,65.625,I,,1,EA,20180902
0500000104,0000000020,MB-1034, ,USD,2499,2186.625,312.375,I,,5,EA,20180902
0500000104,0000000030,BX-1013, ,USD,449,392.875,56.125,I,,10,EA,20180902
0500000105,0000000010,RC-1052, ,USD,3999,3499.125,499.875,I,,10,EA,20180820
0500000105,0000000020,HB-1172, ,USD,799,699.125,99.875,I,,9,EA,20180820
0500000105,0000000030,MB-1033, ,USD,3999,3499.125,499.875,I,,2,EA,20180820
0500000106,0000000010,RO-1003, ,USD,721,630.875,90.125,I,,7,EA,20180810
0500000106,0000000020,DB-1081, ,USD,1499,1311.625,187.375,I,,3,EA,20180810
0500000106,0000000030,DB-1081, ,USD,1499,1311.625,187.375,I,,3,EA,20180810
0500000106,0000000040,EB-1135, ,USD,3000,2625,375,I,,6,EA,20180810
0500000106,0000000050,HB-1174, ,USD,379,331.625,47.375,I,,7,EA,20180810
0500000106,0000000060,CC-1022, ,USD,1200,1050,150,I,,8,EA,20180810
0500000107,0000000010,RC-1051, ,USD,2499,2186.625,312.375,I,,8,EA,20180822
0500000107,0000000020,DB-1082, ,USD,1250,1093.75,156.25,I,,1,EA,20180822
0500000107,0000000030,RO-1002, ,USD,689,602.875,86.125,I,,5,EA,20180822
0500000107,0000000040,EB-1135, ,USD,3000,2625,375,I,,10,EA,20180822
0500000107,0000000050,RC-1057, ,USD,4999,4374.125,624.875,I,,3,EA,20180822
0500000107,0000000060,BX-1013, ,USD,449,392.875,56.125,I,,8,EA,20180822
0500000107,0000000070,BX-1016, ,USD,319,279.125,39.875,I,,2,EA,20180822
0500000107,0000000080,BX-1015, ,USD,299,261.625,37.375,I,,3,EA,20180822
0500000107,0000000090,RC-1055, ,USD,1999,1749.125,249.875,I,,6,EA,20180822
0500000108,0000000010,MB-1032, ,USD,1299,1136.625,162.375,I,,7,EA,20180823
0500000108,0000000020,BX-1014, ,USD,799,699.125,99.875,I,,7,EA,20180823
0500000108,0000000030,BX-1013, ,USD,449,392.875,56.125,I,,8,EA,20180823
0500000108,0000000040,BX-1012, ,USD,399,349.125,49.875,I,,4,EA,20180823
0500000108,0000000050,BX-1015, ,USD,299,261.625,37.375,I,,1,EA,20180823
0500000108,0000000060,MB-1034, ,USD,2499,2186.625,312.375,I,,4,EA,20180823
0500000108,0000000070,HB-1172, ,USD,799,699.125,99.875,I,,2,EA,20180823
0500000108,0000000080,RC-1055, ,USD,1999,1749.125,249.875,I,,4,EA,20180823
0500000108,0000000090,CC-1023, ,USD,1361,1190.875,170.125,I,,10,EA,20180823
0500000108,0000000100,EB-1133, ,USD,2250,1968.75,281.25,I,,1,EA,20180823
0500000109,0000000010,RC-1054, ,USD,5499,4811.625,687.375,I,,6,EA,20180911
0500000109,0000000020,RC-1054, ,USD,5499,4811.625,687.375,I,,4,EA,20180911
0500000110,0000000010,EB-1134, ,USD,4800,4200,600,I,,7,EA,20180829
0500000110,0000000020,RC-1056, ,USD,2499,2186.625,312.375,I,,3,EA,20180829
0500000110,0000000030,MB-1033, ,USD,3999,3499.125,499.875,I,,6,EA,20180829
0500000111,0000000010,CB-1163, ,USD,288,252,36,I,,10,EA,20180824
0500000111,0000000020,BX-1011, ,USD,249,217.875,31.125,I,,8,EA,20180824
0500000111,0000000030,EB-1134, ,USD,4800,4200,600,I,,2,EA,20180824
0500000111,0000000040,RC-1055, ,USD,1999,1749.125,249.875,I,,8,EA,20180824
0500000112,0000000010,HB-1173, ,USD,649,567.875,81.125,I,,10,EA,29991212
0500000112,0000000020,DB-1082, ,USD,1250,1093.75,156.25,I,,7,EA,29991212
0500000112,0000000030,BX-1013, ,USD,449,392.875,56.125,I,,5,EA,29991212
0500000112,0000000040,DB-1082, ,USD,1250,1093.75,156.25,I,,5,EA,29991212
0500000112,0000000050,RC-1054, ,USD,5499,4811.625,687.375,I,,2,EA,29991212
0500000112,0000000060,MB-1033, ,USD,3999,3499.125,499.875,I,,4,EA,29991212
0500000112,0000000070,CB-1163, ,USD,288,252,36,I,,7,EA,29991212
0500000112,0000000080,EB-1134, ,USD,4800,4200,600,I,,1,EA,29991212
0500000112,0000000090,CC-1023, ,USD,1361,1190.875,170.125,I,,3,EA,29991212
0500000112,0000000100,CB-1163, ,USD,288,252,36,I,,2,EA,29991212
0500000113,0000000010,RC-1057, ,USD,4999,4374.125,624.875,I,,10,EA,20180903
0500000113,0000000020,BX-1013, ,USD,449,392.875,56.125,I,,7,EA,20180903
0500000113,0000000030,RC-1052, ,USD,3999,3499.125,499.875,I,,7,EA,20180903
0500000113,0000000040,CB-1161, ,USD,399,349.125,49.875,I,,3,EA,20180903
0500000113,0000000050,RC-1057, ,USD,4999,4374.125,624.875,I,,2,EA,20180903
0500000113,0000000060,EB-1135, ,USD,3000,2625,375,I,,5,EA,20180903
0500000114,0000000010,DB-1082, ,USD,1250,1093.75,156.25,I,,5,EA,20180902
0500000114,0000000020,RO-1003, ,USD,721,630.875,90.125,I,,10,EA,20180902
0500000114,0000000030,BX-1013, ,USD,449,392.875,56.125,I,,3,EA,20180902
0500000115,0000000010,RC-1054, ,USD,5499,4811.625,687.375,I,,10,EA,20180829
0500000115,0000000020,CC-1021, ,USD,1144,1001,143,I,,3,EA,20180829
0500000115,0000000030,EB-1134, ,USD,4800,4200,600,I,,3,EA,20180829
0500000115,0000000040,BX-1016, ,USD,319,279.125,39.875,I,,9,EA,20180829
0500000116,0000000010,HB-1173, ,USD,649,567.875,81.125,I,,4,EA,20180913
0500000116,0000000020,BX-1013, ,USD,449,392.875,56.125,I,,4,EA,20180913
0500000117,0000000010,MB-1034, ,USD,2499,2186.625,312.375,I,,5,EA,20180909
0500000118,0000000010,MB-1031, ,USD,649,567.875,81.125,I,,3,EA,20180917
0500000118,0000000020,BX-1015, ,USD,299,261.625,37.375,I,,4,EA,20180917
0500000118,0000000030,BX-1013, ,USD,449,392.875,56.125,I,,1,EA,20180917
0500000118,0000000040,RC-1056, ,USD,2499,2186.625,312.375,I,,7,EA,20180917
0500000118,0000000050,MB-1031, ,USD,649,567.875,81.125,I,,8,EA,20180917
0500000118,0000000060,CC-1023, ,USD,1361,1190.875,170.125,I,,10,EA,20180917
0500000118,0000000070,HB-1172, ,USD,799,699.125,99.875,I,,8,EA,20180917
0500000118,0000000080,EB-1131, ,USD,1500,1312.5,187.5,I,,3,EA,20180917
0500000118,0000000090,CC-1023, ,USD,1361,1190.875,170.125,I,,5,EA,20180917
0500000118,0000000100,EB-1135, ,USD,3000,2625,375,I,,3,EA,20180917
0500000119,0000000010,RC-1055, ,USD,1999,1749.125,249.875,I,,2,EA,20180908
0500000119,0000000020,RC-1051, ,USD,2499,2186.625,312.375,I,,7,EA,20180908
0500000119,0000000030,BX-1014, ,USD,799,699.125,99.875,I,,1,EA,20180908
0500000119,0000000040,EB-1132, ,USD,1900,1662.5,237.5,I,,8,EA,20180908
0500000119,0000000050,CB-1163, ,USD,288,252,36,I,,7,EA,20180908
0500000119,0000000060,RC-1053, ,USD,4599,4024.125,574.875,I,,7,EA,20180908
0500000120,0000000010,RC-1053, ,USD,4599,4024.125,574.875,I,,8,EA,20180920
0500000120,0000000020,RC-1052, ,USD,3999,3499.125,499.875,I,,1,EA,20180920
0500000120,0000000030,RO-1003, ,USD,721,630.875,90.125,I,,1,EA,20180920
0500000120,0000000040,RC-1057, ,USD,4999,4374.125,624.875,I,,6,EA,20180920
0500000120,0000000050,RC-1055, ,USD,1999,1749.125,249.875,I,,5,EA,20180920
0500000121,0000000010,HB-1172, ,USD,799,699.125,99.875,I,,2,EA,20180930
0500000121,0000000020,BX-1012, ,USD,399,349.125,49.875,I,,1,EA,20180930
0500000121,0000000030,BX-1016, ,USD,319,279.125,39.875,I,,4,EA,20180930
0500000121,0000000040,CC-1022, ,USD,1200,1050,150,I,,3,EA,20180930
0500000121,0000000050,EB-1136, ,USD,5000,4375,625,I,,8,EA,20180930
0500000121,0000000060,HB-1176, ,USD,1199,1049.125,149.875,I,,7,EA,20180930
0500000122,0000000010,CB-1163, ,USD,288,252,36,I,,8,EA,20180921
0500000122,0000000020,HB-1174, ,USD,379,331.625,47.375,I,,1,EA,20180921
0500000122,0000000030,RC-1052, ,USD,3999,3499.125,499.875,I,,2,EA,20180921
0500000122,0000000040,DB-1081, ,USD,1499,1311.625,187.375,I,,8,EA,20180921
0500000122,0000000050,HB-1171, ,USD,699,611.625,87.375,I,,1,EA,20180921
0500000122,0000000060,DB-1082, ,USD,1250,1093.75,156.25,I,,2,EA,20180921
0500000122,0000000070,RO-1003, ,USD,721,630.875,90.125,I,,3,EA,20180921
0500000122,0000000080,BX-1012, ,USD,399,349.125,49.875,I,,7,EA,20180921
0500000122,0000000090,BX-1013, ,USD,449,392.875,56.125,I,,10,EA,20180921
0500000123,0000000010,BX-1015, ,USD,299,261.625,37.375,I,,9,EA,20180920
0500000123,0000000020,DB-1081, ,USD,1499,1311.625,187.375,I,,4,EA,20180920
0500000123,0000000030,MB-1033, ,USD,3999,3499.125,499.875,I,,1,EA,20180920
0500000123,0000000040,BX-1015, ,USD,299,261.625,37.375,I,,2,EA,20180920
0500000123,0000000050,EB-1131, ,USD,1500,1312.5,187.5,I,,3,EA,20180920
0500000123,0000000060,CC-1022, ,USD,1200,1050,150,I,,8,EA,20180920
0500000123,0000000070,MB-1031, ,USD,649,567.875,81.125,I,,7,EA,20180920
0500000123,0000000080,MB-1033, ,USD,3999,3499.125,499.875,I,,3,EA,20180920
0500000124,0000000010,RC-1051, ,USD,2499,2186.625,312.375,I,,6,EA,20180914
0500000124,0000000020,EB-1134, ,USD,4800,4200,600,I,,1,EA,20180914
0500000124,0000000030,DB-1081, ,USD,1499,1311.625,187.375,I,,5,EA,20180914
0500000124,0000000040,DB-1082, ,USD,1250,1093.75,156.25,I,,10,EA,20180914
0500000124,0000000050,EB-1131, ,USD,1500,1312.5,187.5,I,,6,EA,20180914
0500000124,0000000060,EB-1133, ,USD,2250,1968.75,281.25,I,,10,EA,20180914
0500000125,0000000010,HB-1176, ,USD,1199,1049.125,149.875,I,,2,EA,20180927
0500000125,0000000020,CB-1162, ,USD,400,350,50,I,,7,EA,20180927
0500000125,0000000030,EB-1134, ,USD,4800,4200,600,I,,3,EA,20180927
0500000125,0000000040,MB-1034, ,USD,2499,2186.625,312.375,I,,5,EA,20180927
0500000126,0000000010,EB-1137, ,USD,7900,6912.5,987.5,I,,8,EA,20181007
0500000126,0000000020,RO-1003, ,USD,721,630.875,90.125,I,,10,EA,20181007
0500000126,0000000030,BX-1013, ,USD,449,392.875,56.125,I,,5,EA,20181007
0500000126,0000000040,RC-1052, ,USD,3999,3499.125,499.875,I,,10,EA,20181007
0500000126,0000000050,EB-1137, ,USD,7900,6912.5,987.5,I,,8,EA,20181007
0500000126,0000000060,EB-1131, ,USD,1500,1312.5,187.5,I,,8,EA,20181007
0500000126,0000000070,HB-1174, ,USD,379,331.625,47.375,I,,2,EA,20181007
0500000126,0000000080,BX-1011, ,USD,249,217.875,31.125,I,,9,EA,20181007
0500000126,0000000090,BX-1013, ,USD,449,392.875,56.125,I,,7,EA,20181007
0500000127,0000000010,DB-1083, ,USD,1199,1049.125,149.875,I,,5,EA,20180906
0500000127,0000000020,RC-1053, ,USD,4599,4024.125,574.875,I,,10,EA,20180906
0500000128,0000000010,CC-1023, ,USD,1361,1190.875,170.125,I,,2,EA,20180926
0500000128,0000000020,DB-1083, ,USD,1199,1049.125,149.875,I,,8,EA,20180926
0500000128,0000000030,DB-1081, ,USD,1499,1311.625,187.375,I,,8,EA,20180926
0500000128,0000000040,DB-1082, ,USD,1250,1093.75,156.25,I,,1,EA,20180926
0500000128,0000000050,CC-1021, ,USD,1144,1001,143,I,,1,EA,20180926
0500000128,0000000060,BX-1014, ,USD,799,699.125,99.875,I,,3,EA,20180926
0500000129,0000000010,CB-1161, ,USD,399,349.125,49.875,I,,10,EA,20181007
0500000129,0000000020,RC-1053, ,USD,4599,4024.125,574.875,I,,6,EA,20181007
0500000129,0000000030,CC-1021, ,USD,1144,1001,143,I,,6,EA,20181007
0500000129,0000000040,CB-1161, ,USD,399,349.125,49.875,I,,1,EA,20181007
0500000129,0000000050,EB-1137, ,USD,7900,6912.5,987.5,I,,9,EA,20181007
0500000130,0000000010,EB-1131, ,USD,1500,1312.5,187.5,I,,4,EA,20181009
0500000130,0000000020,MB-1033, ,USD,3999,3499.125,499.875,I,,2,EA,20181009
0500000130,0000000030,RC-1055, ,USD,1999,1749.125,249.875,I,,2,EA,20181009
0500000130,0000000040,MB-1034, ,USD,2499,2186.625,312.375,I,,5,EA,20181009
0500000130,0000000050,HB-1176, ,USD,1199,1049.125,149.875,I,,3,EA,20181009
0500000130,0000000060,EB-1136, ,USD,5000,4375,625,I,,8,EA,20181009
0500000130,0000000070,BX-1012, ,USD,399,349.125,49.875,I,,6,EA,20181009
0500000130,0000000080,CB-1163, ,USD,288,252,36,I,,8,EA,20181009
0500000130,0000000090,MB-1033, ,USD,3999,3499.125,499.875,I,,8,EA,20181009
0500000131,0000000010,DB-1081, ,USD,1499,1311.625,187.375,I,,9,EA,20181010
0500000131,0000000020,MB-1031, ,USD,649,567.875,81.125,I,,2,EA,20181010
0500000131,0000000030,RC-1054, ,USD,5499,4811.625,687.375,I,,9,EA,20181010
0500000131,0000000040,CB-1163, ,USD,288,252,36,I,,6,EA,20181010
0500000131,0000000050,HB-1174, ,USD,379,331.625,47.375,I,,4,EA,20181010
0500000131,0000000060,RO-1001, ,USD,525,459.375,65.625,I,,7,EA,20181010
0500000131,0000000070,EB-1132, ,USD,1900,1662.5,237.5,I,,5,EA,20181010
0500000131,0000000080,EB-1131, ,USD,1500,1312.5,187.5,I,,2,EA,20181010
0500000131,0000000090,BX-1015, ,USD,299,261.625,37.375,I,,10,EA,20181010
0500000132,0000000010,DB-1081, ,USD,1499,1311.625,187.375,I,,5,EA,20181006
0500000132,0000000020,RC-1057, ,USD,4999,4374.125,624.875,I,,2,EA,20181006
0500000133,0000000010,DB-1083, ,USD,1199,1049.125,149.875,I,,2,EA,20181016
0500000133,0000000020,RO-1003, ,USD,721,630.875,90.125,I,,5,EA,20181016
0500000134,0000000010,DB-1081, ,USD,1499,1311.625,187.375,I,,2,EA,20181014
0500000134,0000000020,EB-1136, ,USD,5000,4375,625,I,,4,EA,20181014
0500000134,0000000030,CC-1023, ,USD,1361,1190.875,170.125,I,,6,EA,20181014
0500000134,0000000040,BX-1013, ,USD,449,392.875,56.125,I,,5,EA,20181014
0500000135,0000000010,EB-1137, ,USD,7900,6912.5,987.5,I,,9,EA,20181014
0500000135,0000000020,RC-1051, ,USD,2499,2186.625,312.375,I,,9,EA,20181014
0500000135,0000000030,RC-1055, ,USD,1999,1749.125,249.875,I,,4,EA,20181014
0500000135,0000000040,RC-1053, ,USD,4599,4024.125,574.875,I,,1,EA,20181014
0500000135,0000000050,HB-1173, ,USD,649,567.875,81.125,I,,7,EA,20181014
0500000135,0000000060,DB-1083, ,USD,1199,1049.125,149.875,I,,6,EA,20181014
0500000135,0000000070,MB-1032, ,USD,1299,1136.625,162.375,I,,3,EA,20181014
0500000135,0000000080,RO-1001, ,USD,525,459.375,65.625,I,,3,EA,20181014
0500000135,0000000090,MB-1033, ,USD,3999,3499.125,499.875,I,,2,EA,20181014
0500000136,0000000010,BX-1013, ,USD,449,392.875,56.125,I,,9,EA,20181004
0500000136,0000000020,EB-1134, ,USD,4800,4200,600,I,,2,EA,20181004
0500000136,0000000030,EB-1134, ,USD,4800,4200,600,I,,4,EA,20181004
0500000136,0000000040,HB-1175, ,USD,899,786.625,112.375,I,,3,EA,20181004
0500000136,0000000050,BX-1012, ,USD,399,349.125,49.875,I,,2,EA,20181004
0500000136,0000000060,BX-1011, ,USD,249,217.875,31.125,I,,10,EA,20181004
0500000136,0000000070,HB-1175, ,USD,899,786.625,112.375,I,,10,EA,20181004
0500000137,0000000010,BX-1015, ,USD,299,261.625,37.375,I,,10,EA,20181016
0500000137,0000000020,HB-1172, ,USD,799,699.125,99.875,I,,4,EA,20181016
0500000137,0000000030,CB-1162, ,USD,400,350,50,I,,1,EA,20181016
0500000137,0000000040,HB-1174, ,USD,379,331.625,47.375,I,,4,EA,20181016
0500000137,0000000050,MB-1034, ,USD,2499,2186.625,312.375,I,,2,EA,20181016
0500000137,0000000060,RO-1001, ,USD,525,459.375,65.625,I,,10,EA,20181016
0500000137,0000000070,CC-1023, ,USD,1361,1190.875,170.125,I,,7,EA,20181016
0500000137,0000000080,RC-1054, ,USD,5499,4811.625,687.375,I,,5,EA,20181016
0500000138,0000000010,BX-1015, ,USD,299,261.625,37.375,I,,3,EA,20181006
0500000138,0000000020,HB-1173, ,USD,649,567.875,81.125,I,,1,EA,20181006
0500000138,0000000030,RC-1056, ,USD,2499,2186.625,312.375,I,,10,EA,20181006
0500000138,0000000040,DB-1083, ,USD,1199,1049.125,149.875,I,,10,EA,20181006
0500000138,0000000050,EB-1135, ,USD,3000,2625,375,I,,10,EA,20181006
0500000138,0000000060,CB-1163, ,USD,288,252,36,I,,4,EA,20181006
0500000138,0000000070,CB-1162, ,USD,400,350,50,I,,7,EA,20181006
0500000138,0000000080,CC-1021, ,USD,1144,1001,143,I,,7,EA,20181006
0500000138,0000000090,BX-1013, ,USD,449,392.875,56.125,I,,3,EA,20181006
0500000139,0000000010,RC-1053, ,USD,4599,4024.125,574.875,I,,10,EA,20181013
0500000139,0000000020,BX-1016, ,USD,319,279.125,39.875,I,,6,EA,20181013
0500000139,0000000030,HB-1171, ,USD,699,611.625,87.375,I,,1,EA,20181013
0500000139,0000000040,HB-1171, ,USD,699,611.625,87.375,I,,1,EA,20181013
0500000139,0000000050,HB-1174, ,USD,379,331.625,47.375,I,,6,EA,20181013
0500000140,0000000010,RC-1055, ,USD,1999,1749.125,249.875,I,,6,EA,20181023
0500000140,0000000020,EB-1136, ,USD,5000,4375,625,I,,5,EA,20181023
0500000140,0000000030,BX-1013, ,USD,449,392.875,56.125,I,,3,EA,20181023
0500000140,0000000040,RC-1057, ,USD,4999,4374.125,624.875,I,,6,EA,20181023
0500000140,0000000050,HB-1176, ,USD,1199,1049.125,149.875,I,,5,EA,20181023
0500000140,0000000060,HB-1176, ,USD,1199,1049.125,149.875,I,,7,EA,20181023
0500000140,0000000070,HB-1171, ,USD,699,611.625,87.375,I,,2,EA,20181023
0500000140,0000000080,EB-1133, ,USD,2250,1968.75,281.25,I,,7,EA,20181023
0500000141,0000000010,HB-1175, ,USD,899,786.625,112.375,I,,6,EA,20181017
0500000141,0000000020,HB-1175, ,USD,899,786.625,112.375,I,,9,EA,20181017
0500000141,0000000030,HB-1174, ,USD,379,331.625,47.375,I,,2,EA,20181017
0500000141,0000000040,BX-1014, ,USD,799,699.125,99.875,I,,2,EA,20181017
0500000141,0000000050,RO-1002, ,USD,689,602.875,86.125,I,,10,EA,20181017
0500000141,0000000060,CB-1161, ,USD,399,349.125,49.875,I,,6,EA,20181017
0500000141,0000000070,DB-1082, ,USD,1250,1093.75,156.25,I,,4,EA,20181017
0500000141,0000000080,BX-1014, ,USD,799,699.125,99.875,I,,7,EA,20181017
0500000141,0000000090,HB-1175, ,USD,899,786.625,112.375,I,,9,EA,20181017
0500000141,0000000100,MB-1031, ,USD,649,567.875,81.125,I,,6,EA,20181017
0500000142,0000000010,MB-1034, ,USD,2499,2186.625,312.375,I,,6,EA,20181015
0500000142,0000000020,EB-1132, ,USD,1900,1662.5,237.5,I,,9,EA,20181015
0500000142,0000000030,BX-1013, ,USD,449,392.875,56.125,I,,4,EA,20181015
0500000143,0000000010,RO-1001, ,USD,525,459.375,65.625,I,,6,EA,20181103
0500000143,0000000020,RC-1054, ,USD,5499,4811.625,687.375,I,,3,EA,20181103
0500000143,0000000030,HB-1174, ,USD,379,331.625,47.375,I,,4,EA,20181103
0500000143,0000000040,HB-1171, ,USD,699,611.625,87.375,I,,1,EA,20181103
0500000144,0000000010,CB-1161, ,USD,399,349.125,49.875,I,,9,EA,20181026
0500000144,0000000020,RC-1051, ,USD,2499,2186.625,312.375,I,,9,EA,20181026
0500000144,0000000030,DB-1081, ,USD,1499,1311.625,187.375,I,,7,EA,20181026
0500000144,0000000040,EB-1135, ,USD,3000,2625,375,I,,3,EA,20181026
0500000144,0000000050,RC-1053, ,USD,4599,4024.125,574.875,I,,1,EA,20181026
0500000144,0000000060,MB-1032, ,USD,1299,1136.625,162.375,I,,8,EA,20181026
0500000145,0000000010,HB-1174, ,USD,379,331.625,47.375,I,,7,EA,20181013
0500000145,0000000020,HB-1174, ,USD,379,331.625,47.375,I,,5,EA,20181013
0500000145,0000000030,MB-1033, ,USD,3999,3499.125,499.875,I,,9,EA,20181013
0500000146,0000000010,MB-1033, ,USD,3999,3499.125,499.875,I,,6,EA,20181023
0500000146,0000000020,RC-1051, ,USD,2499,2186.625,312.375,I,,6,EA,20181023
0500000146,0000000030,CB-1163, ,USD,288,252,36,I,,10,EA,20181023
0500000146,0000000040,RC-1055, ,USD,1999,1749.125,249.875,I,,10,EA,20181023
0500000146,0000000050,EB-1134, ,USD,4800,4200,600,I,,4,EA,20181023
0500000146,0000000060,BX-1015, ,USD,299,261.625,37.375,I,,5,EA,20181023
0500000146,0000000070,CC-1021, ,USD,1144,1001,143,I,,6,EA,20181023
0500000146,0000000080,BX-1014, ,USD,799,699.125,99.875,I,,1,EA,20181023
0500000147,0000000010,EB-1137, ,USD,7900,6912.5,987.5,I,,2,EA,20181010
0500000147,0000000020,MB-1032, ,USD,1299,1136.625,162.375,I,,3,EA,20181010
0500000147,0000000030,RC-1055, ,USD,1999,1749.125,249.875,I,,1,EA,20181010
0500000147,0000000040,CB-1162, ,USD,400,350,50,I,,2,EA,20181010
0500000147,0000000050,EB-1131, ,USD,1500,1312.5,187.5,I,,5,EA,20181010
0500000147,0000000060,RC-1053, ,USD,4599,4024.125,574.875,I,,3,EA,20181010
0500000147,0000000070,DB-1082, ,USD,1250,1093.75,156.25,I,,1,EA,20181010
0500000148,0000000010,BX-1015, ,USD,299,261.625,37.375,I,,9,EA,20181013
0500000148,0000000020,RC-1051, ,USD,2499,2186.625,312.375,I,,8,EA,20181013
0500000148,0000000030,MB-1034, ,USD,2499,2186.625,312.375,I,,2,EA,20181013
0500000148,0000000040,BX-1015, ,USD,299,261.625,37.375,I,,2,EA,20181013
0500000148,0000000050,EB-1135, ,USD,3000,2625,375,I,,9,EA,20181013
0500000148,0000000060,EB-1137, ,USD,7900,6912.5,987.5,I,,5,EA,20181013
0500000148,0000000070,MB-1031, ,USD,649,567.875,81.125,I,,7,EA,20181013
0500000148,0000000080,DB-1083, ,USD,1199,1049.125,149.875,I,,8,EA,20181013
0500000148,0000000090,BX-1013, ,USD,449,392.875,56.125,I,,2,EA,20181013
0500000149,0000000010,EB-1131, ,USD,1500,1312.5,187.5,I,,9,EA,20181020
0500000149,0000000020,EB-1132, ,USD,1900,1662.5,237.5,I,,2,EA,20181020
0500000149,0000000030,CB-1161, ,USD,399,349.125,49.875,I,,9,EA,20181020
0500000149,0000000040,MB-1033, ,USD,3999,3499.125,499.875,I,,4,EA,20181020
0500000149,0000000050,CC-1022, ,USD,1200,1050,150,I,,9,EA,20181020
0500000149,0000000060,EB-1136, ,USD,5000,4375,625,I,,3,EA,20181020
0500000150,0000000010,HB-1175, ,USD,899,786.625,112.375,I,,4,EA,20181113
0500000150,0000000020,RO-1001, ,USD,525,459.375,65.625,I,,10,EA,20181113
0500000150,0000000030,RC-1055, ,USD,1999,1749.125,249.875,I,,1,EA,20181113
0500000150,0000000040,BX-1015, ,USD,299,261.625,37.375,I,,9,EA,20181113
0500000150,0000000050,BX-1015, ,USD,299,261.625,37.375,I,,2,EA,20181113
0500000150,0000000060,CB-1163, ,USD,288,252,36,I,,9,EA,20181113
0500000150,0000000070,RO-1001, ,USD,525,459.375,65.625,I,,9,EA,20181113
0500000150,0000000080,DB-1082, ,USD,1250,1093.75,156.25,I,,9,EA,20181113
0500000150,0000000090,MB-1033, ,USD,3999,3499.125,499.875,I,,10,EA,20181113
0500000151,0000000010,RO-1003, ,USD,721,630.875,90.125,I,,4,EA,20181031
0500000151,0000000020,DB-1083, ,USD,1199,1049.125,149.875,I,,10,EA,20181031
0500000152,0000000010,CC-1023, ,USD,1361,1190.875,170.125,I,,10,EA,20181108
0500000152,0000000020,HB-1175, ,USD,899,786.625,112.375,I,,7,EA,20181108
0500000152,0000000030,BX-1013, ,USD,449,392.875,56.125,I,,6,EA,20181108
0500000152,0000000040,MB-1032, ,USD,1299,1136.625,162.375,I,,5,EA,20181108
0500000152,0000000050,RO-1001, ,USD,525,459.375,65.625,I,,10,EA,20181108
0500000152,0000000060,MB-1031, ,USD,649,567.875,81.125,I,,7,EA,20181108
0500000152,0000000070,CB-1162, ,USD,400,350,50,I,,2,EA,20181108
0500000152,0000000080,EB-1131, ,USD,1500,1312.5,187.5,I,,7,EA,20181108
0500000152,0000000090,CC-1023, ,USD,1361,1190.875,170.125,I,,9,EA,20181108
0500000152,0000000100,RC-1055, ,USD,1999,1749.125,249.875,I,,1,EA,20181108
0500000153,0000000010,CC-1023, ,USD,1361,1190.875,170.125,I,,7,EA,20181106
0500000153,0000000020,EB-1132, ,USD,1900,1662.5,237.5,I,,10,EA,20181106
0500000153,0000000030,MB-1034, ,USD,2499,2186.625,312.375,I,,3,EA,20181106
0500000153,0000000040,HB-1172, ,USD,799,699.125,99.875,I,,8,EA,20181106
0500000153,0000000050,HB-1171, ,USD,699,611.625,87.375,I,,9,EA,20181106
0500000153,0000000060,CC-1021, ,USD,1144,1001,143,I,,6,EA,20181106
0500000153,0000000070,DB-1081, ,USD,1499,1311.625,187.375,I,,4,EA,20181106
0500000153,0000000080,EB-1135, ,USD,3000,2625,375,I,,2,EA,20181106
0500000153,0000000090,BX-1011, ,USD,249,217.875,31.125,I,,2,EA,20181106
0500000153,0000000100,CB-1162, ,USD,400,350,50,I,,3,EA,20181106
0500000154,0000000010,BX-1011, ,USD,249,217.875,31.125,I,,1,EA,20181028
0500000154,0000000020,RC-1057, ,USD,4999,4374.125,624.875,I,,10,EA,20181028
0500000154,0000000030,BX-1013, ,USD,449,392.875,56.125,I,,10,EA,20181028
0500000154,0000000040,DB-1081, ,USD,1499,1311.625,187.375,I,,1,EA,20181028
0500000154,0000000050,EB-1137, ,USD,7900,6912.5,987.5,I,,1,EA,20181028
0500000154,0000000060,BX-1014, ,USD,799,699.125,99.875,I,,10,EA,20181028
0500000154,0000000070,MB-1034, ,USD,2499,2186.625,312.375,I,,5,EA,20181028
0500000154,0000000080,RO-1003, ,USD,721,630.875,90.125,I,,10,EA,20181028
0500000154,0000000090,CC-1023, ,USD,1361,1190.875,170.125,I,,9,EA,20181028
0500000154,0000000100,RC-1055, ,USD,1999,1749.125,249.875,I,,10,EA,20181028
0500000155,0000000010,BX-1016, ,USD,319,279.125,39.875,I,,9,EA,20181114
0500000155,0000000020,BX-1014, ,USD,799,699.125,99.875,I,,4,EA,20181114
0500000155,0000000030,EB-1134, ,USD,4800,4200,600,I,,10,EA,20181114
0500000155,0000000040,RC-1052, ,USD,3999,3499.125,499.875,I,,4,EA,20181114
0500000156,0000000010,RC-1056, ,USD,2499,2186.625,312.375,I,,10,EA,20181114
0500000156,0000000020,CB-1161, ,USD,399,349.125,49.875,I,,2,EA,20181114
0500000156,0000000030,EB-1134, ,USD,4800,4200,600,I,,1,EA,20181114
0500000156,0000000040,EB-1135, ,USD,3000,2625,375,I,,9,EA,20181114
0500000156,0000000050,CC-1023, ,USD,1361,1190.875,170.125,I,,4,EA,20181114
0500000156,0000000060,EB-1136, ,USD,5000,4375,625,I,,8,EA,20181114
0500000156,0000000070,CC-1021, ,USD,1144,1001,143,I,,5,EA,20181114
0500000157,0000000010,EB-1132, ,USD,1900,1662.5,237.5,I,,7,EA,20181110
0500000157,0000000020,HB-1171, ,USD,699,611.625,87.375,I,,6,EA,20181110
0500000157,0000000030,DB-1082, ,USD,1250,1093.75,156.25,I,,10,EA,20181110
0500000157,0000000040,BX-1011, ,USD,249,217.875,31.125,I,,10,EA,20181110
0500000157,0000000050,RC-1052, ,USD,3999,3499.125,499.875,I,,5,EA,20181110
0500000157,0000000060,MB-1033, ,USD,3999,3499.125,499.875,I,,8,EA,20181110
0500000157,0000000070,HB-1173, ,USD,649,567.875,81.125,I,,9,EA,20181110
0500000157,0000000080,EB-1132, ,USD,1900,1662.5,237.5,I,,5,EA,20181110
0500000157,0000000090,RO-1001, ,USD,525,459.375,65.625,I,,8,EA,20181110
0500000157,0000000100,BX-1013, ,USD,449,392.875,56.125,I,,3,EA,20181110
0500000158,0000000010,MB-1033, ,USD,3999,3499.125,499.875,I,,7,EA,20181107
0500000158,0000000020,RC-1055, ,USD,1999,1749.125,249.875,I,,4,EA,20181107
0500000158,0000000030,CC-1023, ,USD,1361,1190.875,170.125,I,,3,EA,20181107
0500000158,0000000040,RC-1057, ,USD,4999,4374.125,624.875,I,,8,EA,20181107
0500000159,0000000010,BX-1011, ,USD,249,217.875,31.125,I,,7,EA,20181103
0500000159,0000000020,CC-1023, ,USD,1361,1190.875,170.125,I,,8,EA,20181103
0500000159,0000000030,EB-1137, ,USD,7900,6912.5,987.5,I,,5,EA,20181103
0500000160,0000000010,CB-1161, ,USD,399,349.125,49.875,I,,1,EA,20181126
0500000160,0000000020,DB-1083, ,USD,1199,1049.125,149.875,I,,6,EA,20181126
0500000160,0000000030,EB-1134, ,USD,4800,4200,600,I,,9,EA,20181126
0500000160,0000000040,RO-1001, ,USD,525,459.375,65.625,I,,7,EA,20181126
0500000161,0000000010,HB-1176, ,USD,1199,1049.125,149.875,I,,5,EA,20181111
0500000161,0000000020,MB-1031, ,USD,649,567.875,81.125,I,,6,EA,20181111
0500000162,0000000010,RC-1054, ,USD,5499,4811.625,687.375,I,,2,EA,20181116
0500000162,0000000020,RC-1056, ,USD,2499,2186.625,312.375,I,,7,EA,20181116
0500000162,0000000030,BX-1013, ,USD,449,392.875,56.125,I,,2,EA,20181116
0500000163,0000000010,MB-1034, ,USD,2499,2186.625,312.375,I,,8,EA,20181126
0500000163,0000000020,EB-1133, ,USD,2250,1968.75,281.25,I,,3,EA,20181126
0500000163,0000000030,BX-1016, ,USD,319,279.125,39.875,I,,6,EA,20181126
0500000163,0000000040,HB-1173, ,USD,649,567.875,81.125,I,,3,EA,20181126
0500000163,0000000050,EB-1135, ,USD,3000,2625,375,I,,5,EA,20181126
0500000163,0000000060,HB-1173, ,USD,649,567.875,81.125,I,,6,EA,20181126
0500000163,0000000070,DB-1083, ,USD,1199,1049.125,149.875,I,,8,EA,20181126
0500000164,0000000010,RC-1055, ,USD,1999,1749.125,249.875,I,,7,EA,29991212
0500000164,0000000020,EB-1132, ,USD,1900,1662.5,237.5,I,,9,EA,29991212
0500000164,0000000030,CC-1023, ,USD,1361,1190.875,170.125,I,,1,EA,29991212
0500000164,0000000040,BX-1012, ,USD,399,349.125,49.875,I,,2,EA,29991212
0500000165,0000000010,MB-1031, ,USD,649,567.875,81.125,I,,3,EA,20181203
0500000165,0000000020,EB-1134, ,USD,4800,4200,600,I,,9,EA,20181203
0500000165,0000000030,RC-1055, ,USD,1999,1749.125,249.875,I,,6,EA,20181203
0500000165,0000000040,BX-1015, ,USD,299,261.625,37.375,I,,2,EA,20181203
0500000165,0000000050,RC-1052, ,USD,3999,3499.125,499.875,I,,3,EA,20181203
0500000165,0000000060,HB-1173, ,USD,649,567.875,81.125,I,,4,EA,20181203
0500000165,0000000070,CB-1161, ,USD,399,349.125,49.875,I,,1,EA,20181203
0500000165,0000000080,EB-1133, ,USD,2250,1968.75,281.25,I,,7,EA,20181203
0500000165,0000000090,MB-1033, ,USD,3999,3499.125,499.875,I,,6,EA,20181203
0500000166,0000000010,CC-1021, ,USD,1144,1001,143,I,,2,EA,20181207
0500000166,0000000020,BX-1012, ,USD,399,349.125,49.875,I,,1,EA,20181207
0500000166,0000000030,DB-1081, ,USD,1499,1311.625,187.375,I,,8,EA,20181207
0500000166,0000000040,RC-1054, ,USD,5499,4811.625,687.375,I,,10,EA,20181207
0500000166,0000000050,EB-1134, ,USD,4800,4200,600,I,,1,EA,20181207
0500000166,0000000060,HB-1173, ,USD,649,567.875,81.125,I,,4,EA,20181207
0500000167,0000000010,MB-1034, ,USD,2499,2186.625,312.375,I,,8,EA,20181113
0500000167,0000000020,DB-1083, ,USD,1199,1049.125,149.875,I,,3,EA,20181113
0500000168,0000000010,HB-1175, ,USD,899,786.625,112.375,I,,8,EA,20181205
0500000168,0000000020,EB-1137, ,USD,7900,6912.5,987.5,I,,7,EA,20181205
0500000168,0000000030,EB-1134, ,USD,4800,4200,600,I,,8,EA,20181205
0500000168,0000000040,HB-1176, ,USD,1199,1049.125,149.875,I,,9,EA,20181205
0500000168,0000000050,BX-1013, ,USD,449,392.875,56.125,I,,2,EA,20181205
0500000168,0000000060,CC-1022, ,USD,1200,1050,150,I,,8,EA,20181205
0500000168,0000000070,BX-1013, ,USD,449,392.875,56.125,I,,9,EA,20181205
0500000169,0000000010,BX-1011, ,USD,249,217.875,31.125,I,,5,EA,20181211
0500000170,0000000010,HB-1173, ,USD,649,567.875,81.125,I,,3,EA,20181124
0500000170,0000000020,BX-1011, ,USD,249,217.875,31.125,I,,1,EA,20181124
0500000170,0000000030,EB-1134, ,USD,4800,4200,600,I,,5,EA,20181124
0500000170,0000000040,EB-1134, ,USD,4800,4200,600,I,,7,EA,20181124
0500000171,0000000010,RC-1052, ,USD,3999,3499.125,499.875,I,,10,EA,20181125
0500000171,0000000020,BX-1011, ,USD,249,217.875,31.125,I,,2,EA,20181125
0500000171,0000000030,BX-1014, ,USD,799,699.125,99.875,I,,3,EA,20181125
0500000171,0000000040,CB-1163, ,USD,288,252,36,I,,7,EA,20181125
0500000171,0000000050,HB-1175, ,USD,899,786.625,112.375,I,,2,EA,20181125
0500000171,0000000060,HB-1171, ,USD,699,611.625,87.375,I,,4,EA,20181125
0500000171,0000000070,EB-1137, ,USD,7900,6912.5,987.5,I,,8,EA,20181125
0500000171,0000000080,BX-1013, ,USD,449,392.875,56.125,I,,8,EA,20181125
0500000171,0000000090,RC-1057, ,USD,4999,4374.125,624.875,I,,7,EA,20181125
0500000171,0000000100,BX-1015, ,USD,299,261.625,37.375,I,,9,EA,20181125
0500000172,0000000010,DB-1082, ,USD,1250,1093.75,156.25,I,,8,EA,20181214
0500000172,0000000020,BX-1011, ,USD,249,217.875,31.125,I,,7,EA,20181214
0500000172,0000000030,EB-1134, ,USD,4800,4200,600,I,,9,EA,20181214
0500000172,0000000040,RC-1055, ,USD,1999,1749.125,249.875,I,,7,EA,20181214
0500000172,0000000050,RC-1057, ,USD,4999,4374.125,624.875,I,,8,EA,20181214
0500000172,0000000060,BX-1015, ,USD,299,261.625,37.375,I,,7,EA,20181214
0500000172,0000000070,HB-1175, ,USD,899,786.625,112.375,I,,1,EA,20181214
0500000172,0000000080,HB-1171, ,USD,699,611.625,87.375,I,,10,EA,20181214
0500000172,0000000090,BX-1013, ,USD,449,392.875,56.125,I,,4,EA,20181214
0500000173,0000000010,RC-1053, ,USD,4599,4024.125,574.875,I,,1,EA,20181203
0500000173,0000000020,RC-1055, ,USD,1999,1749.125,249.875,I,,6,EA,20181203
0500000173,0000000030,EB-1132, ,USD,1900,1662.5,237.5,I,,2,EA,20181203
0500000173,0000000040,BX-1016, ,USD,319,279.125,39.875,I,,7,EA,20181203
0500000173,0000000050,EB-1131, ,USD,1500,1312.5,187.5,I,,2,EA,20181203
0500000173,0000000060,MB-1031, ,USD,649,567.875,81.125,I,,5,EA,20181203
0500000174,0000000010,HB-1172, ,USD,799,699.125,99.875,I,,1,EA,20181126
0500000174,0000000020,RO-1003, ,USD,721,630.875,90.125,I,,5,EA,20181126
0500000174,0000000030,CB-1163, ,USD,288,252,36,I,,4,EA,20181126
0500000174,0000000040,RC-1052, ,USD,3999,3499.125,499.875,I,,9,EA,20181126
0500000174,0000000050,RO-1002, ,USD,689,602.875,86.125,I,,3,EA,20181126
0500000174,0000000060,CB-1162, ,USD,400,350,50,I,,2,EA,20181126
0500000174,0000000070,CC-1023, ,USD,1361,1190.875,170.125,I,,9,EA,20181126
0500000174,0000000080,EB-1137, ,USD,7900,6912.5,987.5,I,,8,EA,20181126
0500000175,0000000010,RC-1052, ,USD,3999,3499.125,499.875,I,,4,EA,20181211
0500000175,0000000020,EB-1137, ,USD,7900,6912.5,987.5,I,,1,EA,20181211
0500000175,0000000030,RC-1052, ,USD,3999,3499.125,499.875,I,,6,EA,20181211
0500000175,0000000040,EB-1134, ,USD,4800,4200,600,I,,3,EA,20181211
0500000175,0000000050,DB-1082, ,USD,1250,1093.75,156.25,I,,10,EA,20181211
0500000175,0000000060,EB-1136, ,USD,5000,4375,625,I,,6,EA,20181211
0500000176,0000000010,EB-1131, ,USD,1500,1312.5,187.5,I,,3,EA,20181130
0500000176,0000000020,RC-1056, ,USD,2499,2186.625,312.375,I,,2,EA,20181130
0500000176,0000000030,CB-1163, ,USD,288,252,36,I,,1,EA,20181130
0500000176,0000000040,BX-1016, ,USD,319,279.125,39.875,I,,1,EA,20181130
0500000176,0000000050,RC-1057, ,USD,4999,4374.125,624.875,I,,3,EA,20181130
0500000176,0000000060,RC-1056, ,USD,2499,2186.625,312.375,I,,7,EA,20181130
0500000176,0000000070,BX-1014, ,USD,799,699.125,99.875,I,,4,EA,20181130
0500000176,0000000080,EB-1136, ,USD,5000,4375,625,I,,1,EA,20181130
0500000177,0000000010,RC-1051, ,USD,2499,2186.625,312.375,I,,5,EA,20181130
0500000177,0000000020,HB-1171, ,USD,699,611.625,87.375,I,,6,EA,20181130
0500000177,0000000030,DB-1083, ,USD,1199,1049.125,149.875,I,,5,EA,20181130
0500000177,0000000040,HB-1175, ,USD,899,786.625,112.375,I,,8,EA,20181130
0500000177,0000000050,EB-1134, ,USD,4800,4200,600,I,,3,EA,20181130
0500000178,0000000010,MB-1034, ,USD,2499,2186.625,312.375,I,,10,EA,20181207
0500000178,0000000020,EB-1136, ,USD,5000,4375,625,I,,10,EA,20181207
0500000178,0000000030,EB-1134, ,USD,4800,4200,600,I,,10,EA,20181207
0500000178,0000000040,RC-1054, ,USD,5499,4811.625,687.375,I,,7,EA,20181207
0500000178,0000000050,MB-1033, ,USD,3999,3499.125,499.875,I,,1,EA,20181207
0500000178,0000000060,BX-1016, ,USD,319,279.125,39.875,I,,5,EA,20181207
0500000178,0000000070,MB-1031, ,USD,649,567.875,81.125,I,,10,EA,20181207
0500000179,0000000010,MB-1032, ,USD,1299,1136.625,162.375,I,,6,EA,20181204
0500000180,0000000010,EB-1136, ,USD,5000,4375,625,I,,3,EA,20181215
0500000180,0000000020,DB-1082, ,USD,1250,1093.75,156.25,I,,7,EA,20181215
0500000180,0000000030,BX-1013, ,USD,449,392.875,56.125,I,,3,EA,20181215
0500000180,0000000040,RO-1003, ,USD,721,630.875,90.125,I,,7,EA,20181215
0500000180,0000000050,HB-1174, ,USD,379,331.625,47.375,I,,7,EA,20181215
0500000180,0000000060,MB-1033, ,USD,3999,3499.125,499.875,I,,7,EA,20181215
0500000180,0000000070,EB-1136, ,USD,5000,4375,625,I,,8,EA,20181215
0500000180,0000000080,CB-1161, ,USD,399,349.125,49.875,I,,10,EA,20181215
0500000181,0000000010,BX-1012, ,USD,399,349.125,49.875,I,,2,EA,20181127
0500000181,0000000020,DB-1082, ,USD,1250,1093.75,156.25,I,,1,EA,20181127
0500000181,0000000030,DB-1083, ,USD,1199,1049.125,149.875,I,,7,EA,20181127
0500000181,0000000040,CC-1022, ,USD,1200,1050,150,I,,7,EA,20181127
0500000182,0000000010,BX-1015, ,USD,299,261.625,37.375,I,,4,EA,20181214
0500000182,0000000020,HB-1172, ,USD,799,699.125,99.875,I,,3,EA,20181214
0500000182,0000000030,BX-1013, ,USD,449,392.875,56.125,I,,10,EA,20181214
0500000182,0000000040,RC-1055, ,USD,1999,1749.125,249.875,I,,1,EA,20181214
0500000182,0000000050,RC-1056, ,USD,2499,2186.625,312.375,I,,5,EA,20181214
0500000182,0000000060,BX-1012, ,USD,399,349.125,49.875,I,,5,EA,20181214
0500000182,0000000070,DB-1082, ,USD,1250,1093.75,156.25,I,,3,EA,20181214
0500000182,0000000080,CB-1163, ,USD,288,252,36,I,,6,EA,20181214
0500000182,0000000090,CC-1023, ,USD,1361,1190.875,170.125,I,,5,EA,20181214
0500000182,0000000100,CB-1163, ,USD,288,252,36,I,,4,EA,20181214
0500000183,0000000010,HB-1174, ,USD,379,331.625,47.375,I,,3,EA,20181208
0500000183,0000000020,HB-1173, ,USD,649,567.875,81.125,I,,9,EA,20181208
0500000183,0000000030,EB-1134, ,USD,4800,4200,600,I,,7,EA,20181208
0500000183,0000000040,CB-1163, ,USD,288,252,36,I,,5,EA,20181208
0500000183,0000000050,EB-1134, ,USD,4800,4200,600,I,,8,EA,20181208
0500000183,0000000060,BX-1013, ,USD,449,392.875,56.125,I,,1,EA,20181208
0500000183,0000000070,MB-1032, ,USD,1299,1136.625,162.375,I,,1,EA,20181208
0500000184,0000000010,RC-1052, ,USD,3999,3499.125,499.875,I,,5,EA,20181203
0500000184,0000000020,MB-1032, ,USD,1299,1136.625,162.375,I,,7,EA,20181203
0500000184,0000000030,CC-1023, ,USD,1361,1190.875,170.125,I,,10,EA,20181203
0500000184,0000000040,EB-1132, ,USD,1900,1662.5,237.5,I,,7,EA,20181203
0500000185,0000000010,EB-1131, ,USD,1500,1312.5,187.5,I,,1,EA,20181204
0500000185,0000000020,CB-1161, ,USD,399,349.125,49.875,I,,6,EA,20181204
0500000185,0000000030,RC-1055, ,USD,1999,1749.125,249.875,I,,3,EA,20181204
0500000185,0000000040,BX-1013, ,USD,449,392.875,56.125,I,,1,EA,20181204
0500000185,0000000050,EB-1135, ,USD,3000,2625,375,I,,1,EA,20181204
0500000185,0000000060,EB-1131, ,USD,1500,1312.5,187.5,I,,7,EA,20181204
0500000185,0000000070,CB-1161, ,USD,399,349.125,49.875,I,,9,EA,20181204
0500000185,0000000080,BX-1013, ,USD,449,392.875,56.125,I,,8,EA,20181204
0500000185,0000000090,MB-1033, ,USD,3999,3499.125,499.875,I,,10,EA,20181204
0500000186,0000000010,CB-1163, ,USD,288,252,36,I,,6,EA,20181219
0500000186,0000000020,RC-1051, ,USD,2499,2186.625,312.375,I,,7,EA,20181219
0500000186,0000000030,CC-1023, ,USD,1361,1190.875,170.125,I,,9,EA,20181219
0500000186,0000000040,MB-1034, ,USD,2499,2186.625,312.375,I,,6,EA,20181219
0500000187,0000000010,RO-1003, ,USD,721,630.875,90.125,I,,6,EA,20190102
0500000187,0000000020,RO-1001, ,USD,525,459.375,65.625,I,,5,EA,20190102
0500000188,0000000010,HB-1175, ,USD,899,786.625,112.375,I,,1,EA,20181217
0500000188,0000000020,BX-1016, ,USD,319,279.125,39.875,I,,3,EA,20181217
0500000188,0000000030,BX-1013, ,USD,449,392.875,56.125,I,,3,EA,20181217
0500000189,0000000010,BX-1015, ,USD,299,261.625,37.375,I,,9,EA,20181215
0500000189,0000000020,MB-1032, ,USD,1299,1136.625,162.375,I,,1,EA,20181215
0500000190,0000000010,BX-1011, ,USD,249,217.875,31.125,I,,3,EA,20181227
0500000190,0000000020,BX-1014, ,USD,799,699.125,99.875,I,,10,EA,20181227
0500000191,0000000010,BX-1015, ,USD,299,261.625,37.375,I,,9,EA,20181223
0500000191,0000000020,RO-1003, ,USD,721,630.875,90.125,I,,2,EA,20181223
0500000191,0000000030,CB-1162, ,USD,400,350,50,I,,9,EA,20181223
0500000191,0000000040,EB-1131, ,USD,1500,1312.5,187.5,I,,8,EA,20181223
0500000191,0000000050,RO-1003, ,USD,721,630.875,90.125,I,,2,EA,20181223
0500000191,0000000060,BX-1016, ,USD,319,279.125,39.875,I,,5,EA,20181223
0500000191,0000000070,HB-1171, ,USD,699,611.625,87.375,I,,7,EA,20181223
0500000191,0000000080,BX-1011, ,USD,249,217.875,31.125,I,,2,EA,20181223
0500000192,0000000010,CC-1021, ,USD,1144,1001,143,I,,7,EA,20190101
0500000192,0000000020,EB-1137, ,USD,7900,6912.5,987.5,I,,10,EA,20190101
0500000192,0000000030,RC-1052, ,USD,3999,3499.125,499.875,I,,5,EA,20190101
0500000192,0000000040,MB-1033, ,USD,3999,3499.125,499.875,I,,8,EA,20190101
0500000192,0000000050,HB-1173, ,USD,649,567.875,81.125,I,,2,EA,20190101
0500000193,0000000010,RC-1054, ,USD,5499,4811.625,687.375,I,,4,EA,20190114
0500000193,0000000020,EB-1134, ,USD,4800,4200,600,I,,4,EA,20190114
0500000193,0000000030,RC-1055, ,USD,1999,1749.125,249.875,I,,10,EA,20190114
0500000193,0000000040,HB-1175, ,USD,899,786.625,112.375,I,,5,EA,20190114
0500000193,0000000050,DB-1083, ,USD,1199,1049.125,149.875,I,,3,EA,20190114
0500000193,0000000060,CB-1163, ,USD,288,252,36,I,,5,EA,20190114
0500000193,0000000070,BX-1014, ,USD,799,699.125,99.875,I,,5,EA,20190114
0500000193,0000000080,RC-1056, ,USD,2499,2186.625,312.375,I,,3,EA,20190114
0500000194,0000000010,HB-1176, ,USD,1199,1049.125,149.875,I,,7,EA,20190115
0500000195,0000000010,EB-1136, ,USD,5000,4375,625,I,,3,EA,20181221
0500000195,0000000020,EB-1131, ,USD,1500,1312.5,187.5,I,,8,EA,20181221
0500000195,0000000030,EB-1137, ,USD,7900,6912.5,987.5,I,,3,EA,20181221
0500000195,0000000040,EB-1131, ,USD,1500,1312.5,187.5,I,,7,EA,20181221
0500000195,0000000050,DB-1082, ,USD,1250,1093.75,156.25,I,,4,EA,20181221
0500000195,0000000060,RO-1002, ,USD,689,602.875,86.125,I,,4,EA,20181221
0500000195,0000000070,MB-1034, ,USD,2499,2186.625,312.375,I,,1,EA,20181221
0500000196,0000000010,CB-1163, ,USD,288,252,36,I,,1,EA,20181227
0500000196,0000000020,RC-1057, ,USD,4999,4374.125,624.875,I,,8,EA,20181227
0500000196,0000000030,BX-1013, ,USD,449,392.875,56.125,I,,9,EA,20181227
0500000196,0000000040,DB-1083, ,USD,1199,1049.125,149.875,I,,1,EA,20181227
0500000196,0000000050,CB-1163, ,USD,288,252,36,I,,8,EA,20181227
0500000196,0000000060,RC-1056, ,USD,2499,2186.625,312.375,I,,4,EA,20181227
0500000196,0000000070,BX-1012, ,USD,399,349.125,49.875,I,,9,EA,20181227
0500000196,0000000080,RO-1001, ,USD,525,459.375,65.625,I,,10,EA,20181227
0500000196,0000000090,CC-1023, ,USD,1361,1190.875,170.125,I,,7,EA,20181227
0500000196,0000000100,BX-1013, ,USD,449,392.875,56.125,I,,7,EA,20181227
0500000197,0000000010,DB-1081, ,USD,1499,1311.625,187.375,I,,4,EA,20190108
0500000198,0000000010,CB-1161, ,USD,399,349.125,49.875,I,,4,EA,20181228
0500000198,0000000020,RC-1056, ,USD,2499,2186.625,312.375,I,,8,EA,20181228
0500000198,0000000030,EB-1134, ,USD,4800,4200,600,I,,8,EA,20181228
0500000198,0000000040,HB-1172, ,USD,799,699.125,99.875,I,,6,EA,20181228
0500000198,0000000050,BX-1014, ,USD,799,699.125,99.875,I,,1,EA,20181228
0500000198,0000000060,BX-1015, ,USD,299,261.625,37.375,I,,4,EA,20181228
0500000198,0000000070,CC-1021, ,USD,1144,1001,143,I,,2,EA,20181228
0500000199,0000000010,CC-1021, ,USD,1144,1001,143,I,,3,EA,20181223
0500000199,0000000020,CC-1021, ,USD,1144,1001,143,I,,9,EA,20181223
0500000200,0000000010,BX-1012, ,USD,399,349.125,49.875,I,,5,EA,20190108
0500000200,0000000020,HB-1171, ,USD,699,611.625,87.375,I,,8,EA,20190108
0500000200,0000000030,MB-1033, ,USD,3999,3499.125,499.875,I,,7,EA,20190108
0500000201,0000000010,RC-1054, ,USD,5499,4811.625,687.375,I,,4,EA,20190121
0500000201,0000000020,DB-1083, ,USD,1199,1049.125,149.875,I,,4,EA,20190121
0500000201,0000000030,CB-1163, ,USD,288,252,36,I,,7,EA,20190121
0500000201,0000000040,BX-1015, ,USD,299,261.625,37.375,I,,9,EA,20190121
0500000202,0000000010,DB-1082, ,USD,1250,1093.75,156.25,I,,5,EA,20190117
0500000202,0000000020,MB-1032, ,USD,1299,1136.625,162.375,I,,5,EA,20190117
0500000202,0000000030,RC-1055, ,USD,1999,1749.125,249.875,I,,4,EA,20190117
0500000202,0000000040,RC-1053, ,USD,4599,4024.125,574.875,I,,8,EA,20190117
0500000202,0000000050,EB-1132, ,USD,1900,1662.5,237.5,I,,9,EA,20190117
0500000202,0000000060,RO-1002, ,USD,689,602.875,86.125,I,,2,EA,20190117
0500000202,0000000070,BX-1011, ,USD,249,217.875,31.125,I,,6,EA,20190117
0500000202,0000000080,HB-1171, ,USD,699,611.625,87.375,I,,4,EA,20190117
0500000202,0000000090,BX-1013, ,USD,449,392.875,56.125,I,,4,EA,20190117
0500000203,0000000010,BX-1015, ,USD,299,261.625,37.375,I,,6,EA,20190118
0500000203,0000000020,CB-1161, ,USD,399,349.125,49.875,I,,5,EA,20190118
0500000203,0000000030,BX-1015, ,USD,299,261.625,37.375,I,,6,EA,20190118
0500000203,0000000040,EB-1133, ,USD,2250,1968.75,281.25,I,,10,EA,20190118
0500000203,0000000050,MB-1032, ,USD,1299,1136.625,162.375,I,,5,EA,20190118
0500000203,0000000060,RC-1056, ,USD,2499,2186.625,312.375,I,,5,EA,20190118
0500000203,0000000070,HB-1176, ,USD,1199,1049.125,149.875,I,,9,EA,20190118
0500000204,0000000010,DB-1081, ,USD,1499,1311.625,187.375,I,,3,EA,20181226
0500000204,0000000020,DB-1083, ,USD,1199,1049.125,149.875,I,,10,EA,20181226
0500000204,0000000030,DB-1081, ,USD,1499,1311.625,187.375,I,,7,EA,20181226
0500000204,0000000040,CB-1161, ,USD,399,349.125,49.875,I,,10,EA,20181226
0500000204,0000000050,RC-1056, ,USD,2499,2186.625,312.375,I,,3,EA,20181226
0500000204,0000000060,HB-1174, ,USD,379,331.625,47.375,I,,8,EA,20181226
0500000205,0000000010,RC-1057, ,USD,4999,4374.125,624.875,I,,5,EA,20190122
0500000205,0000000020,HB-1175, ,USD,899,786.625,112.375,I,,6,EA,20190122
0500000205,0000000030,EB-1137, ,USD,7900,6912.5,987.5,I,,5,EA,20190122
0500000205,0000000040,EB-1131, ,USD,1500,1312.5,187.5,I,,8,EA,20190122
0500000205,0000000050,RC-1057, ,USD,4999,4374.125,624.875,I,,8,EA,20190122
0500000205,0000000060,DB-1081, ,USD,1499,1311.625,187.375,I,,2,EA,20190122
0500000205,0000000070,EB-1131, ,USD,1500,1312.5,187.5,I,,2,EA,20190122
0500000206,0000000010,RC-1052, ,USD,3999,3499.125,499.875,I,,5,EA,20190102
0500000206,0000000020,RO-1002, ,USD,689,602.875,86.125,I,,9,EA,20190102
0500000206,0000000030,RC-1052, ,USD,3999,3499.125,499.875,I,,7,EA,20190102
0500000206,0000000040,EB-1137, ,USD,7900,6912.5,987.5,I,,10,EA,20190102
0500000206,0000000050,HB-1174, ,USD,379,331.625,47.375,I,,3,EA,20190102
0500000207,0000000010,CC-1021, ,USD,1144,1001,143,I,,3,EA,20190122
0500000207,0000000020,RC-1051, ,USD,2499,2186.625,312.375,I,,4,EA,20190122
0500000207,0000000030,EB-1132, ,USD,1900,1662.5,237.5,I,,7,EA,20190122
0500000207,0000000040,HB-1174, ,USD,379,331.625,47.375,I,,10,EA,20190122
0500000207,0000000050,BX-1014, ,USD,799,699.125,99.875,I,,9,EA,20190122
0500000207,0000000060,EB-1133, ,USD,2250,1968.75,281.25,I,,9,EA,20190122
0500000207,0000000070,HB-1176, ,USD,1199,1049.125,149.875,I,,4,EA,20190122
0500000208,0000000010,EB-1131, ,USD,1500,1312.5,187.5,I,,3,EA,20190118
0500000208,0000000020,BX-1011, ,USD,249,217.875,31.125,I,,2,EA,20190118
0500000208,0000000030,DB-1081, ,USD,1499,1311.625,187.375,I,,10,EA,20190118
0500000208,0000000040,HB-1172, ,USD,799,699.125,99.875,I,,7,EA,20190118
0500000208,0000000050,EB-1137, ,USD,7900,6912.5,987.5,I,,6,EA,20190118
0500000208,0000000060,HB-1175, ,USD,899,786.625,112.375,I,,1,EA,20190118
0500000209,0000000010,RO-1003, ,USD,721,630.875,90.125,I,,7,EA,20190103
0500000209,0000000020,EB-1136, ,USD,5000,4375,625,I,,3,EA,20190103
0500000209,0000000030,DB-1083, ,USD,1199,1049.125,149.875,I,,6,EA,20190103
0500000209,0000000040,EB-1136, ,USD,5000,4375,625,I,,6,EA,20190103
0500000209,0000000050,BX-1011, ,USD,249,217.875,31.125,I,,5,EA,20190103
0500000209,0000000060,HB-1172, ,USD,799,699.125,99.875,I,,6,EA,20190103
0500000209,0000000070,RO-1001, ,USD,525,459.375,65.625,I,,9,EA,20190103
0500000209,0000000080,RC-1051, ,USD,2499,2186.625,312.375,I,,10,EA,20190103
0500000210,0000000010,EB-1135, ,USD,3000,2625,375,I,,3,EA,20190109
0500000210,0000000020,BX-1015, ,USD,299,261.625,37.375,I,,2,EA,20190109
0500000210,0000000030,EB-1137, ,USD,7900,6912.5,987.5,I,,4,EA,20190109
0500000210,0000000040,CB-1163, ,USD,288,252,36,I,,8,EA,20190109
0500000210,0000000050,BX-1016, ,USD,319,279.125,39.875,I,,7,EA,20190109
0500000210,0000000060,CB-1163, ,USD,288,252,36,I,,7,EA,20190109
0500000210,0000000070,RC-1055, ,USD,1999,1749.125,249.875,I,,8,EA,20190109
0500000211,0000000010,RO-1001, ,USD,525,459.375,65.625,I,,9,EA,20190102
0500000211,0000000020,BX-1011, ,USD,249,217.875,31.125,I,,10,EA,20190102
0500000211,0000000030,BX-1016, ,USD,319,279.125,39.875,I,,9,EA,20190102
0500000211,0000000040,HB-1172, ,USD,799,699.125,99.875,I,,7,EA,20190102
0500000211,0000000050,EB-1132, ,USD,1900,1662.5,237.5,I,,8,EA,20190102
0500000211,0000000060,MB-1032, ,USD,1299,1136.625,162.375,I,,3,EA,20190102
0500000211,0000000070,CB-1162, ,USD,400,350,50,I,,5,EA,20190102
0500000211,0000000080,RO-1002, ,USD,689,602.875,86.125,I,,7,EA,20190102
0500000212,0000000010,HB-1176, ,USD,1199,1049.125,149.875,I,,4,EA,20190113
0500000212,0000000020,EB-1132, ,USD,1900,1662.5,237.5,I,,7,EA,20190113
0500000212,0000000030,RC-1052, ,USD,3999,3499.125,499.875,I,,4,EA,20190113
0500000212,0000000040,EB-1132, ,USD,1900,1662.5,237.5,I,,1,EA,20190113
0500000212,0000000050,RC-1054, ,USD,5499,4811.625,687.375,I,,3,EA,20190113
0500000213,0000000010,CC-1023, ,USD,1361,1190.875,170.125,I,,2,EA,20190205
0500000213,0000000020,RC-1057, ,USD,4999,4374.125,624.875,I,,8,EA,20190205
0500000213,0000000030,HB-1174, ,USD,379,331.625,47.375,I,,8,EA,20190205
0500000213,0000000040,CB-1163, ,USD,288,252,36,I,,3,EA,20190205
0500000213,0000000050,MB-1034, ,USD,2499,2186.625,312.375,I,,9,EA,20190205
0500000214,0000000010,EB-1134, ,USD,4800,4200,600,I,,4,EA,20190203
0500000214,0000000020,MB-1031, ,USD,649,567.875,81.125,I,,2,EA,20190203
0500000214,0000000030,EB-1134, ,USD,4800,4200,600,I,,6,EA,20190203
0500000214,0000000040,CC-1021, ,USD,1144,1001,143,I,,9,EA,20190203
0500000214,0000000050,DB-1083, ,USD,1199,1049.125,149.875,I,,2,EA,20190203
0500000214,0000000060,CC-1022, ,USD,1200,1050,150,I,,9,EA,20190203
0500000214,0000000070,DB-1081, ,USD,1499,1311.625,187.375,I,,4,EA,20190203
0500000215,0000000010,MB-1033, ,USD,3999,3499.125,499.875,I,,4,EA,20190123
0500000215,0000000020,RO-1002, ,USD,689,602.875,86.125,I,,6,EA,20190123
0500000215,0000000030,CB-1163, ,USD,288,252,36,I,,2,EA,20190123
0500000215,0000000040,BX-1013, ,USD,449,392.875,56.125,I,,8,EA,20190123
0500000215,0000000050,HB-1174, ,USD,379,331.625,47.375,I,,2,EA,20190123
0500000215,0000000060,MB-1032, ,USD,1299,1136.625,162.375,I,,7,EA,20190123
0500000215,0000000070,EB-1136, ,USD,5000,4375,625,I,,5,EA,20190123
0500000215,0000000080,HB-1171, ,USD,699,611.625,87.375,I,,2,EA,20190123
0500000215,0000000090,EB-1134, ,USD,4800,4200,600,I,,4,EA,20190123
0500000215,0000000100,MB-1034, ,USD,2499,2186.625,312.375,I,,4,EA,20190123
0500000216,0000000010,EB-1137, ,USD,7900,6912.5,987.5,I,,5,EA,20190115
0500000216,0000000020,MB-1033, ,USD,3999,3499.125,499.875,I,,3,EA,20190115
0500000216,0000000030,DB-1082, ,USD,1250,1093.75,156.25,I,,10,EA,20190115
0500000216,0000000040,BX-1016, ,USD,319,279.125,39.875,I,,3,EA,20190115
0500000216,0000000050,RO-1002, ,USD,689,602.875,86.125,I,,5,EA,20190115
0500000216,0000000060,HB-1171, ,USD,699,611.625,87.375,I,,7,EA,20190115
0500000216,0000000070,BX-1013, ,USD,449,392.875,56.125,I,,5,EA,20190115
0500000216,0000000080,RC-1056, ,USD,2499,2186.625,312.375,I,,3,EA,20190115
0500000216,0000000090,BX-1013, ,USD,449,392.875,56.125,I,,1,EA,20190115
0500000217,0000000010,MB-1031, ,USD,649,567.875,81.125,I,,5,EA,20190125
0500000217,0000000020,HB-1175, ,USD,899,786.625,112.375,I,,6,EA,20190125
0500000217,0000000030,EB-1135, ,USD,3000,2625,375,I,,7,EA,20190125
0500000217,0000000040,EB-1136, ,USD,5000,4375,625,I,,10,EA,20190125
0500000218,0000000010,MB-1031, ,USD,649,567.875,81.125,I,,2,EA,20190120
0500000218,0000000020,RC-1057, ,USD,4999,4374.125,624.875,I,,7,EA,20190120
0500000218,0000000030,EB-1134, ,USD,4800,4200,600,I,,2,EA,20190120
0500000218,0000000040,RC-1051, ,USD,2499,2186.625,312.375,I,,5,EA,20190120
0500000218,0000000050,MB-1031, ,USD,649,567.875,81.125,I,,8,EA,20190120
0500000218,0000000060,CC-1023, ,USD,1361,1190.875,170.125,I,,4,EA,20190120
0500000218,0000000070,DB-1083, ,USD,1199,1049.125,149.875,I,,7,EA,20190120
0500000219,0000000010,BX-1015, ,USD,299,261.625,37.375,I,,10,EA,20190119
0500000219,0000000020,DB-1081, ,USD,1499,1311.625,187.375,I,,4,EA,20190119
0500000220,0000000010,BX-1011, ,USD,249,217.875,31.125,I,,9,EA,20190128
0500000221,0000000010,DB-1083, ,USD,1199,1049.125,149.875,I,,4,EA,20190122
0500000221,0000000020,EB-1133, ,USD,2250,1968.75,281.25,I,,5,EA,20190122
0500000221,0000000030,RC-1057, ,USD,4999,4374.125,624.875,I,,6,EA,20190122
0500000221,0000000040,RO-1003, ,USD,721,630.875,90.125,I,,7,EA,20190122
0500000221,0000000050,CC-1023, ,USD,1361,1190.875,170.125,I,,3,EA,20190122
0500000221,0000000060,BX-1012, ,USD,399,349.125,49.875,I,,8,EA,20190122
0500000221,0000000070,MB-1031, ,USD,649,567.875,81.125,I,,3,EA,20190122
0500000221,0000000080,CC-1021, ,USD,1144,1001,143,I,,10,EA,20190122
0500000221,0000000090,HB-1173, ,USD,649,567.875,81.125,I,,2,EA,20190122
0500000221,0000000100,CC-1023, ,USD,1361,1190.875,170.125,I,,3,EA,20190122
0500000222,0000000010,EB-1136, ,USD,5000,4375,625,I,,10,EA,20190117
0500000222,0000000020,RO-1003, ,USD,721,630.875,90.125,I,,9,EA,20190117
0500000222,0000000030,BX-1013, ,USD,449,392.875,56.125,I,,3,EA,20190117
0500000222,0000000040,MB-1031, ,USD,649,567.875,81.125,I,,3,EA,20190117
0500000222,0000000050,BX-1012, ,USD,399,349.125,49.875,I,,7,EA,20190117
0500000222,0000000060,RC-1051, ,USD,2499,2186.625,312.375,I,,3,EA,20190117
0500000222,0000000070,RC-1052, ,USD,3999,3499.125,499.875,I,,10,EA,20190117
0500000222,0000000080,EB-1136, ,USD,5000,4375,625,I,,4,EA,20190117
0500000222,0000000090,CC-1023, ,USD,1361,1190.875,170.125,I,,1,EA,20190117
0500000222,0000000100,EB-1136, ,USD,5000,4375,625,I,,5,EA,20190117
0500000223,0000000010,RO-1003, ,USD,721,630.875,90.125,I,,8,EA,20190119
0500000223,0000000020,RC-1054, ,USD,5499,4811.625,687.375,I,,1,EA,20190119
0500000223,0000000030,HB-1173, ,USD,649,567.875,81.125,I,,5,EA,20190119
0500000223,0000000040,RC-1054, ,USD,5499,4811.625,687.375,I,,3,EA,20190119
0500000223,0000000050,RO-1002, ,USD,689,602.875,86.125,I,,3,EA,20190119
0500000224,0000000010,BX-1011, ,USD,249,217.875,31.125,I,,5,EA,20190122
0500000224,0000000020,HB-1171, ,USD,699,611.625,87.375,I,,5,EA,20190122
0500000224,0000000030,RC-1052, ,USD,3999,3499.125,499.875,I,,3,EA,20190122
0500000224,0000000040,BX-1014, ,USD,799,699.125,99.875,I,,3,EA,20190122
0500000224,0000000050,RO-1003, ,USD,721,630.875,90.125,I,,9,EA,20190122
0500000225,0000000010,RO-1002, ,USD,689,602.875,86.125,I,,1,EA,20190127
0500000225,0000000020,RC-1055, ,USD,1999,1749.125,249.875,I,,8,EA,20190127
0500000225,0000000030,CB-1163, ,USD,288,252,36,I,,7,EA,20190127
0500000225,0000000040,RC-1055, ,USD,1999,1749.125,249.875,I,,3,EA,20190127
0500000225,0000000050,RO-1003, ,USD,721,630.875,90.125,I,,4,EA,20190127
0500000225,0000000060,BX-1016, ,USD,319,279.125,39.875,I,,7,EA,20190127
0500000225,0000000070,CC-1021, ,USD,1144,1001,143,I,,5,EA,20190127
0500000225,0000000080,BX-1014, ,USD,799,699.125,99.875,I,,10,EA,20190127
0500000225,0000000090,EB-1134, ,USD,4800,4200,600,I,,7,EA,20190127
0500000225,0000000100,MB-1033, ,USD,3999,3499.125,499.875,I,,9,EA,20190127
0500000226,0000000010,EB-1132, ,USD,1900,1662.5,237.5,I,,3,EA,20190219
0500000226,0000000020,HB-1173, ,USD,649,567.875,81.125,I,,6,EA,20190219
0500000226,0000000030,BX-1013, ,USD,449,392.875,56.125,I,,1,EA,20190219
0500000227,0000000010,CC-1022, ,USD,1200,1050,150,I,,8,EA,20190125
0500000228,0000000010,HB-1174, ,USD,379,331.625,47.375,I,,4,EA,20190212
0500000228,0000000020,RC-1055, ,USD,1999,1749.125,249.875,I,,8,EA,20190212
0500000228,0000000030,RC-1052, ,USD,3999,3499.125,499.875,I,,6,EA,20190212
0500000228,0000000040,DB-1083, ,USD,1199,1049.125,149.875,I,,9,EA,20190212
0500000228,0000000050,EB-1132, ,USD,1900,1662.5,237.5,I,,5,EA,20190212
0500000229,0000000010,BX-1015, ,USD,299,261.625,37.375,I,,2,EA,20190209
0500000229,0000000020,HB-1174, ,USD,379,331.625,47.375,I,,2,EA,20190209
0500000230,0000000010,CC-1021, ,USD,1144,1001,143,I,,5,EA,20190128
0500000230,0000000020,BX-1011, ,USD,249,217.875,31.125,I,,8,EA,20190128
0500000230,0000000030,RC-1052, ,USD,3999,3499.125,499.875,I,,6,EA,20190128
0500000230,0000000040,HB-1175, ,USD,899,786.625,112.375,I,,8,EA,20190128
0500000230,0000000050,EB-1136, ,USD,5000,4375,625,I,,4,EA,20190128
0500000230,0000000060,CC-1022, ,USD,1200,1050,150,I,,6,EA,20190128
0500000231,0000000010,HB-1174, ,USD,379,331.625,47.375,I,,1,EA,20190213
0500000231,0000000020,HB-1171, ,USD,699,611.625,87.375,I,,10,EA,20190213
0500000231,0000000030,MB-1032, ,USD,1299,1136.625,162.375,I,,4,EA,20190213
0500000231,0000000040,BX-1012, ,USD,399,349.125,49.875,I,,1,EA,20190213
0500000231,0000000050,HB-1176, ,USD,1199,1049.125,149.875,I,,10,EA,20190213
0500000231,0000000060,HB-1171, ,USD,699,611.625,87.375,I,,2,EA,20190213
0500000231,0000000070,RC-1055, ,USD,1999,1749.125,249.875,I,,3,EA,20190213
0500000231,0000000080,CC-1023, ,USD,1361,1190.875,170.125,I,,10,EA,20190213
0500000231,0000000090,HB-1172, ,USD,799,699.125,99.875,I,,10,EA,20190213
0500000232,0000000010,HB-1173, ,USD,649,567.875,81.125,I,,8,EA,20190202
0500000232,0000000020,MB-1032, ,USD,1299,1136.625,162.375,I,,1,EA,20190202
0500000232,0000000030,BX-1013, ,USD,449,392.875,56.125,I,,6,EA,20190202
0500000232,0000000040,EB-1135, ,USD,3000,2625,375,I,,2,EA,20190202
0500000232,0000000050,RO-1002, ,USD,689,602.875,86.125,I,,8,EA,20190202
0500000232,0000000060,CB-1163, ,USD,288,252,36,I,,1,EA,20190202
0500000232,0000000070,HB-1174, ,USD,379,331.625,47.375,I,,10,EA,20190202
0500000232,0000000080,HB-1171, ,USD,699,611.625,87.375,I,,2,EA,20190202
0500000232,0000000090,CC-1023, ,USD,1361,1190.875,170.125,I,,5,EA,20190202
0500000232,0000000100,MB-1032, ,USD,1299,1136.625,162.375,I,,8,EA,20190202
0500000233,0000000010,CB-1161, ,USD,399,349.125,49.875,I,,7,EA,20190218
0500000233,0000000020,RO-1002, ,USD,689,602.875,86.125,I,,5,EA,20190218
0500000233,0000000030,HB-1175, ,USD,899,786.625,112.375,I,,2,EA,20190218
0500000233,0000000040,EB-1134, ,USD,4800,4200,600,I,,1,EA,20190218
0500000234,0000000010,EB-1136, ,USD,5000,4375,625,I,,5,EA,20190213
0500000234,0000000020,CB-1161, ,USD,399,349.125,49.875,I,,2,EA,20190213
0500000234,0000000030,CB-1163, ,USD,288,252,36,I,,3,EA,20190213
0500000234,0000000040,CC-1023, ,USD,1361,1190.875,170.125,I,,1,EA,20190213
0500000234,0000000050,HB-1174, ,USD,379,331.625,47.375,I,,6,EA,20190213
0500000234,0000000060,MB-1031, ,USD,649,567.875,81.125,I,,4,EA,20190213
0500000234,0000000070,RC-1054, ,USD,5499,4811.625,687.375,I,,2,EA,20190213
0500000234,0000000080,RC-1052, ,USD,3999,3499.125,499.875,I,,2,EA,20190213
0500000235,0000000010,CC-1021, ,USD,1144,1001,143,I,,5,EA,20190218
0500000235,0000000020,BX-1015, ,USD,299,261.625,37.375,I,,5,EA,20190218
0500000235,0000000030,BX-1013, ,USD,449,392.875,56.125,I,,5,EA,20190218
0500000235,0000000040,BX-1011, ,USD,249,217.875,31.125,I,,4,EA,20190218
0500000235,0000000050,EB-1137, ,USD,7900,6912.5,987.5,I,,6,EA,20190218
0500000235,0000000060,MB-1031, ,USD,649,567.875,81.125,I,,4,EA,20190218
0500000235,0000000070,EB-1131, ,USD,1500,1312.5,187.5,I,,8,EA,20190218
0500000235,0000000080,DB-1082, ,USD,1250,1093.75,156.25,I,,2,EA,20190218
0500000236,0000000010,DB-1081, ,USD,1499,1311.625,187.375,I,,4,EA,20190304
0500000236,0000000020,DB-1081, ,USD,1499,1311.625,187.375,I,,6,EA,20190304
0500000236,0000000030,CC-1022, ,USD,1200,1050,150,I,,1,EA,20190304
0500000236,0000000040,EB-1135, ,USD,3000,2625,375,I,,1,EA,20190304
0500000236,0000000050,RC-1053, ,USD,4599,4024.125,574.875,I,,5,EA,20190304
0500000236,0000000060,RO-1003, ,USD,721,630.875,90.125,I,,9,EA,20190304
0500000236,0000000070,RO-1001, ,USD,525,459.375,65.625,I,,9,EA,20190304
0500000236,0000000080,EB-1136, ,USD,5000,4375,625,I,,4,EA,20190304
0500000236,0000000090,BX-1013, ,USD,449,392.875,56.125,I,,7,EA,20190304
0500000237,0000000010,BX-1012, ,USD,399,349.125,49.875,I,,3,EA,20190211
0500000237,0000000020,RC-1055, ,USD,1999,1749.125,249.875,I,,5,EA,20190211
0500000237,0000000030,RC-1057, ,USD,4999,4374.125,624.875,I,,3,EA,20190211
0500000237,0000000040,HB-1173, ,USD,649,567.875,81.125,I,,8,EA,20190211
0500000237,0000000050,EB-1132, ,USD,1900,1662.5,237.5,I,,2,EA,20190211
0500000238,0000000010,DB-1082, ,USD,1250,1093.75,156.25,I,,7,EA,20190307
0500000238,0000000020,BX-1012, ,USD,399,349.125,49.875,I,,9,EA,20190307
0500000238,0000000030,MB-1033, ,USD,3999,3499.125,499.875,I,,5,EA,20190307
0500000238,0000000040,HB-1174, ,USD,379,331.625,47.375,I,,5,EA,20190307
0500000238,0000000050,CB-1163, ,USD,288,252,36,I,,10,EA,20190307
0500000238,0000000060,RO-1003, ,USD,721,630.875,90.125,I,,1,EA,20190307
0500000238,0000000070,RO-1002, ,USD,689,602.875,86.125,I,,4,EA,20190307
0500000238,0000000080,RC-1054, ,USD,5499,4811.625,687.375,I,,1,EA,20190307
0500000238,0000000090,BX-1013, ,USD,449,392.875,56.125,I,,7,EA,20190307
0500000239,0000000010,BX-1013, ,USD,449,392.875,56.125,I,,8,EA,20190310
0500000239,0000000020,DB-1081, ,USD,1499,1311.625,187.375,I,,10,EA,20190310
0500000239,0000000030,HB-1171, ,USD,699,611.625,87.375,I,,10,EA,20190310
0500000239,0000000040,EB-1136, ,USD,5000,4375,625,I,,2,EA,20190310
0500000239,0000000050,BX-1016, ,USD,319,279.125,39.875,I,,9,EA,20190310
0500000239,0000000060,CB-1162, ,USD,400,350,50,I,,10,EA,20190310
0500000239,0000000070,RC-1057, ,USD,4999,4374.125,624.875,I,,6,EA,20190310
0500000239,0000000080,RC-1057, ,USD,4999,4374.125,624.875,I,,5,EA,20190310
0500000239,0000000090,DB-1082, ,USD,1250,1093.75,156.25,I,,1,EA,20190310
0500000239,0000000100,RC-1057, ,USD,4999,4374.125,624.875,I,,7,EA,20190310
0500000240,0000000010,DB-1082, ,USD,1250,1093.75,156.25,I,,9,EA,20190213
0500000240,0000000020,DB-1082, ,USD,1250,1093.75,156.25,I,,5,EA,20190213
0500000240,0000000030,EB-1134, ,USD,4800,4200,600,I,,7,EA,20190213
0500000240,0000000040,BX-1015, ,USD,299,261.625,37.375,I,,3,EA,20190213
0500000241,0000000010,MB-1031, ,USD,649,567.875,81.125,I,,10,EA,20190302
0500000241,0000000020,MB-1033, ,USD,3999,3499.125,499.875,I,,10,EA,20190302
0500000241,0000000030,HB-1174, ,USD,379,331.625,47.375,I,,1,EA,20190302
0500000241,0000000040,RO-1002, ,USD,689,602.875,86.125,I,,9,EA,20190302
0500000241,0000000050,RC-1051, ,USD,2499,2186.625,312.375,I,,5,EA,20190302
0500000241,0000000060,EB-1131, ,USD,1500,1312.5,187.5,I,,7,EA,20190302
0500000241,0000000070,RC-1052, ,USD,3999,3499.125,499.875,I,,9,EA,20190302
0500000241,0000000080,DB-1083, ,USD,1199,1049.125,149.875,I,,4,EA,20190302
0500000242,0000000010,RC-1055, ,USD,1999,1749.125,249.875,I,,1,EA,20190218
0500000242,0000000020,EB-1133, ,USD,2250,1968.75,281.25,I,,3,EA,20190218
0500000242,0000000030,EB-1134, ,USD,4800,4200,600,I,,3,EA,20190218
0500000242,0000000040,EB-1137, ,USD,7900,6912.5,987.5,I,,8,EA,20190218
0500000242,0000000050,BX-1011, ,USD,249,217.875,31.125,I,,5,EA,20190218
0500000242,0000000060,RC-1054, ,USD,5499,4811.625,687.375,I,,10,EA,20190218
0500000242,0000000070,RC-1054, ,USD,5499,4811.625,687.375,I,,9,EA,20190218
0500000243,0000000010,RO-1001, ,USD,525,459.375,65.625,I,,9,EA,20190228
0500000243,0000000020,RC-1054, ,USD,5499,4811.625,687.375,I,,9,EA,20190228
0500000243,0000000030,BX-1012, ,USD,399,349.125,49.875,I,,6,EA,20190228
0500000243,0000000040,HB-1171, ,USD,699,611.625,87.375,I,,5,EA,20190228
0500000243,0000000050,HB-1174, ,USD,379,331.625,47.375,I,,9,EA,20190228
0500000243,0000000060,BX-1014, ,USD,799,699.125,99.875,I,,7,EA,20190228
0500000244,0000000010,EB-1137, ,USD,7900,6912.5,987.5,I,,9,EA,20190309
0500000244,0000000020,RC-1053, ,USD,4599,4024.125,574.875,I,,6,EA,20190309
0500000244,0000000030,BX-1013, ,USD,449,392.875,56.125,I,,10,EA,20190309
0500000244,0000000040,EB-1137, ,USD,7900,6912.5,987.5,I,,5,EA,20190309
0500000244,0000000050,CC-1022, ,USD,1200,1050,150,I,,3,EA,20190309
0500000244,0000000060,BX-1016, ,USD,319,279.125,39.875,I,,1,EA,20190309
0500000244,0000000070,DB-1083, ,USD,1199,1049.125,149.875,I,,2,EA,20190309
0500000244,0000000080,HB-1175, ,USD,899,786.625,112.375,I,,3,EA,20190309
0500000244,0000000090,CC-1023, ,USD,1361,1190.875,170.125,I,,10,EA,20190309
0500000244,0000000100,BX-1013, ,USD,449,392.875,56.125,I,,1,EA,20190309
0500000245,0000000010,CC-1022, ,USD,1200,1050,150,I,,5,EA,20190311
0500000245,0000000020,RC-1054, ,USD,5499,4811.625,687.375,I,,2,EA,20190311
0500000246,0000000010,CC-1023, ,USD,1361,1190.875,170.125,I,,10,EA,20190302
0500000246,0000000020,CC-1022, ,USD,1200,1050,150,I,,1,EA,20190302
0500000247,0000000010,MB-1033, ,USD,3999,3499.125,499.875,I,,9,EA,20190313
0500000247,0000000020,EB-1131, ,USD,1500,1312.5,187.5,I,,5,EA,20190313
0500000248,0000000010,RO-1002, ,USD,689,602.875,86.125,I,,2,EA,20190305
0500000248,0000000020,EB-1135, ,USD,3000,2625,375,I,,7,EA,20190305
0500000249,0000000010,CC-1021, ,USD,1144,1001,143,I,,4,EA,20190320
0500000249,0000000020,HB-1172, ,USD,799,699.125,99.875,I,,10,EA,20190320
0500000249,0000000030,RO-1002, ,USD,689,602.875,86.125,I,,1,EA,20190320
0500000249,0000000040,BX-1013, ,USD,449,392.875,56.125,I,,10,EA,20190320
0500000249,0000000050,HB-1173, ,USD,649,567.875,81.125,I,,4,EA,20190320
0500000249,0000000060,HB-1171, ,USD,699,611.625,87.375,I,,8,EA,20190320
0500000249,0000000070,EB-1137, ,USD,7900,6912.5,987.5,I,,7,EA,20190320
0500000249,0000000080,RC-1056, ,USD,2499,2186.625,312.375,I,,7,EA,20190320
0500000249,0000000090,BX-1015, ,USD,299,261.625,37.375,I,,10,EA,20190320
0500000249,0000000100,HB-1173, ,USD,649,567.875,81.125,I,,1,EA,20190320
0500000250,0000000010,RC-1053, ,USD,4599,4024.125,574.875,I,,7,EA,20190327
0500000250,0000000020,EB-1136, ,USD,5000,4375,625,I,,8,EA,20190327
0500000250,0000000030,RC-1052, ,USD,3999,3499.125,499.875,I,,1,EA,20190327
0500000250,0000000040,EB-1136, ,USD,5000,4375,625,I,,1,EA,20190327
0500000250,0000000050,CB-1161, ,USD,399,349.125,49.875,I,,7,EA,20190327
0500000250,0000000060,EB-1131, ,USD,1500,1312.5,187.5,I,,8,EA,20190327
0500000251,0000000010,MB-1034, ,USD,2499,2186.625,312.375,I,,6,EA,20190311
0500000251,0000000020,EB-1134, ,USD,4800,4200,600,I,,3,EA,20190311
0500000252,0000000010,HB-1172, ,USD,799,699.125,99.875,I,,6,EA,20190316
0500000252,0000000020,HB-1175, ,USD,899,786.625,112.375,I,,2,EA,20190316
0500000252,0000000030,BX-1013, ,USD,449,392.875,56.125,I,,5,EA,20190316
0500000252,0000000040,CB-1162, ,USD,400,350,50,I,,9,EA,20190316
0500000252,0000000050,CC-1023, ,USD,1361,1190.875,170.125,I,,6,EA,20190316
0500000252,0000000060,CC-1021, ,USD,1144,1001,143,I,,7,EA,20190316
0500000252,0000000070,RC-1053, ,USD,4599,4024.125,574.875,I,,4,EA,20190316
0500000252,0000000080,BX-1012, ,USD,399,349.125,49.875,I,,3,EA,20190316
0500000252,0000000090,CC-1023, ,USD,1361,1190.875,170.125,I,,5,EA,20190316
0500000252,0000000100,EB-1131, ,USD,1500,1312.5,187.5,I,,8,EA,20190316
0500000253,0000000010,CB-1162, ,USD,400,350,50,I,,5,EA,20190305
0500000253,0000000020,CC-1022, ,USD,1200,1050,150,I,,10,EA,20190305
0500000253,0000000030,BX-1011, ,USD,249,217.875,31.125,I,,4,EA,20190305
0500000253,0000000040,CB-1162, ,USD,400,350,50,I,,9,EA,20190305
0500000253,0000000050,CB-1161, ,USD,399,349.125,49.875,I,,8,EA,20190305
0500000253,0000000060,HB-1174, ,USD,379,331.625,47.375,I,,5,EA,20190305
0500000254,0000000010,BX-1012, ,USD,399,349.125,49.875,I,,4,EA,20190311
0500000255,0000000010,RC-1051, ,USD,2499,2186.625,312.375,I,,1,EA,20190312
0500000255,0000000020,MB-1033, ,USD,3999,3499.125,499.875,I,,5,EA,20190312
0500000255,0000000030,RC-1052, ,USD,3999,3499.125,499.875,I,,1,EA,20190312
0500000255,0000000040,EB-1136, ,USD,5000,4375,625,I,,8,EA,20190312
0500000255,0000000050,CC-1023, ,USD,1361,1190.875,170.125,I,,2,EA,20190312
0500000255,0000000060,DB-1083, ,USD,1199,1049.125,149.875,I,,7,EA,20190312
0500000256,0000000010,RC-1053, ,USD,4599,4024.125,574.875,I,,9,EA,20190402
0500000256,0000000020,EB-1136, ,USD,5000,4375,625,I,,5,EA,20190402
0500000256,0000000030,EB-1134, ,USD,4800,4200,600,I,,5,EA,20190402
0500000256,0000000040,MB-1032, ,USD,1299,1136.625,162.375,I,,10,EA,20190402
0500000256,0000000050,MB-1034, ,USD,2499,2186.625,312.375,I,,3,EA,20190402
0500000256,0000000060,MB-1033, ,USD,3999,3499.125,499.875,I,,9,EA,20190402
0500000256,0000000070,MB-1032, ,USD,1299,1136.625,162.375,I,,8,EA,20190402
0500000257,0000000010,RO-1001, ,USD,525,459.375,65.625,I,,3,EA,20190315
0500000257,0000000020,BX-1014, ,USD,799,699.125,99.875,I,,8,EA,20190315
0500000257,0000000030,BX-1015, ,USD,299,261.625,37.375,I,,1,EA,20190315
0500000258,0000000010,CB-1162, ,USD,400,350,50,I,,10,EA,20190310
0500000258,0000000020,BX-1014, ,USD,799,699.125,99.875,I,,4,EA,20190310
0500000258,0000000030,CC-1023, ,USD,1361,1190.875,170.125,I,,5,EA,20190310
0500000258,0000000040,HB-1176, ,USD,1199,1049.125,149.875,I,,2,EA,20190310
0500000259,0000000010,HB-1171, ,USD,699,611.625,87.375,I,,3,EA,20190401
0500000259,0000000020,RC-1051, ,USD,2499,2186.625,312.375,I,,1,EA,20190401
0500000259,0000000030,DB-1083, ,USD,1199,1049.125,149.875,I,,8,EA,20190401
0500000259,0000000040,RC-1054, ,USD,5499,4811.625,687.375,I,,4,EA,20190401
0500000259,0000000050,BX-1013, ,USD,449,392.875,56.125,I,,4,EA,20190401
0500000259,0000000060,DB-1081, ,USD,1499,1311.625,187.375,I,,7,EA,20190401
0500000259,0000000070,RC-1054, ,USD,5499,4811.625,687.375,I,,1,EA,20190401
0500000259,0000000080,MB-1033, ,USD,3999,3499.125,499.875,I,,4,EA,20190401
0500000259,0000000090,RO-1003, ,USD,721,630.875,90.125,I,,5,EA,20190401
0500000260,0000000010,MB-1034, ,USD,2499,2186.625,312.375,I,,6,EA,20190407
0500000260,0000000020,BX-1014, ,USD,799,699.125,99.875,I,,8,EA,20190407
0500000260,0000000030,CB-1163, ,USD,288,252,36,I,,3,EA,20190407
0500000260,0000000040,RC-1052, ,USD,3999,3499.125,499.875,I,,10,EA,20190407
0500000260,0000000050,RC-1056, ,USD,2499,2186.625,312.375,I,,2,EA,20190407
0500000260,0000000060,RC-1056, ,USD,2499,2186.625,312.375,I,,2,EA,20190407
0500000260,0000000070,MB-1033, ,USD,3999,3499.125,499.875,I,,4,EA,20190407
0500000260,0000000080,BX-1011, ,USD,249,217.875,31.125,I,,8,EA,20190407
0500000260,0000000090,EB-1134, ,USD,4800,4200,600,I,,1,EA,20190407
0500000260,0000000100,EB-1135, ,USD,3000,2625,375,I,,2,EA,20190407
0500000261,0000000010,RC-1052, ,USD,3999,3499.125,499.875,I,,4,EA,20190408
0500000261,0000000020,HB-1175, ,USD,899,786.625,112.375,I,,10,EA,20190408
0500000261,0000000030,HB-1172, ,USD,799,699.125,99.875,I,,2,EA,20190408
0500000261,0000000040,RC-1057, ,USD,4999,4374.125,624.875,I,,2,EA,20190408
0500000261,0000000050,EB-1135, ,USD,3000,2625,375,I,,2,EA,20190408
0500000261,0000000060,HB-1176, ,USD,1199,1049.125,149.875,I,,5,EA,20190408
0500000261,0000000070,EB-1132, ,USD,1900,1662.5,237.5,I,,2,EA,20190408
0500000261,0000000080,RC-1053, ,USD,4599,4024.125,574.875,I,,1,EA,20190408
0500000261,0000000090,RC-1054, ,USD,5499,4811.625,687.375,I,,4,EA,20190408
0500000261,0000000100,HB-1173, ,USD,649,567.875,81.125,I,,5,EA,20190408
0500000262,0000000010,MB-1034, ,USD,2499,2186.625,312.375,I,,8,EA,20190416
0500000262,0000000020,RC-1057, ,USD,4999,4374.125,624.875,I,,4,EA,20190416
0500000262,0000000030,EB-1134, ,USD,4800,4200,600,I,,9,EA,20190416
0500000262,0000000040,DB-1083, ,USD,1199,1049.125,149.875,I,,7,EA,20190416
0500000262,0000000050,BX-1012, ,USD,399,349.125,49.875,I,,10,EA,20190416
0500000262,0000000060,CC-1023, ,USD,1361,1190.875,170.125,I,,3,EA,20190416
0500000262,0000000070,MB-1033, ,USD,3999,3499.125,499.875,I,,2,EA,20190416
0500000263,0000000010,RC-1054, ,USD,5499,4811.625,687.375,I,,8,EA,20190320
0500000264,0000000010,BX-1015, ,USD,299,261.625,37.375,I,,4,EA,20190319
0500000264,0000000020,BX-1013, ,USD,449,392.875,56.125,I,,7,EA,20190319
0500000264,0000000030,CB-1163, ,USD,288,252,36,I,,5,EA,20190319
0500000264,0000000040,CC-1022, ,USD,1200,1050,150,I,,7,EA,20190319
0500000264,0000000050,EB-1135, ,USD,3000,2625,375,I,,10,EA,20190319
0500000264,0000000060,RC-1052, ,USD,3999,3499.125,499.875,I,,1,EA,20190319
0500000264,0000000070,EB-1132, ,USD,1900,1662.5,237.5,I,,8,EA,20190319
0500000264,0000000080,CB-1162, ,USD,400,350,50,I,,3,EA,20190319
0500000265,0000000010,CB-1163, ,USD,288,252,36,I,,5,EA,20190415
0500000265,0000000020,MB-1033, ,USD,3999,3499.125,499.875,I,,9,EA,20190415
0500000265,0000000030,CB-1163, ,USD,288,252,36,I,,1,EA,20190415
0500000265,0000000040,RO-1001, ,USD,525,459.375,65.625,I,,7,EA,20190415
0500000265,0000000050,EB-1137, ,USD,7900,6912.5,987.5,I,,2,EA,20190415
0500000265,0000000060,DB-1081, ,USD,1499,1311.625,187.375,I,,5,EA,20190415
0500000265,0000000070,HB-1173, ,USD,649,567.875,81.125,I,,3,EA,20190415
0500000265,0000000080,EB-1136, ,USD,5000,4375,625,I,,10,EA,20190415
0500000265,0000000090,EB-1134, ,USD,4800,4200,600,I,,2,EA,20190415
0500000265,0000000100,HB-1173, ,USD,649,567.875,81.125,I,,1,EA,20190415
0500000266,0000000010,RC-1054, ,USD,5499,4811.625,687.375,I,,2,EA,20190401
0500000267,0000000010,RC-1053, ,USD,4599,4024.125,574.875,I,,10,EA,20190414
0500000267,0000000020,HB-1176, ,USD,1199,1049.125,149.875,I,,5,EA,20190414
0500000267,0000000030,MB-1034, ,USD,2499,2186.625,312.375,I,,8,EA,20190414
0500000268,0000000010,RC-1052, ,USD,3999,3499.125,499.875,I,,6,EA,20190320
0500000268,0000000020,RO-1002, ,USD,689,602.875,86.125,I,,7,EA,20190320
0500000268,0000000030,CB-1163, ,USD,288,252,36,I,,10,EA,20190320
0500000268,0000000040,DB-1082, ,USD,1250,1093.75,156.25,I,,7,EA,20190320
0500000268,0000000050,DB-1081, ,USD,1499,1311.625,187.375,I,,10,EA,20190320
0500000268,0000000060,EB-1135, ,USD,3000,2625,375,I,,3,EA,20190320
0500000268,0000000070,MB-1031, ,USD,649,567.875,81.125,I,,7,EA,20190320
0500000268,0000000080,HB-1175, ,USD,899,786.625,112.375,I,,3,EA,20190320
0500000269,0000000010,CC-1022, ,USD,1200,1050,150,I,,6,EA,20190406
0500000269,0000000020,CC-1021, ,USD,1144,1001,143,I,,1,EA,20190406
0500000269,0000000030,RC-1052, ,USD,3999,3499.125,499.875,I,,2,EA,20190406
0500000269,0000000040,RC-1056, ,USD,2499,2186.625,312.375,I,,1,EA,20190406
0500000269,0000000050,EB-1136, ,USD,5000,4375,625,I,,3,EA,20190406
0500000269,0000000060,RC-1055, ,USD,1999,1749.125,249.875,I,,9,EA,20190406
0500000270,0000000010,CC-1023, ,USD,1361,1190.875,170.125,I,,7,EA,20190423
0500000270,0000000020,RC-1055, ,USD,1999,1749.125,249.875,I,,4,EA,20190423
0500000270,0000000030,EB-1137, ,USD,7900,6912.5,987.5,I,,10,EA,20190423
0500000270,0000000040,MB-1032, ,USD,1299,1136.625,162.375,I,,7,EA,20190423
0500000270,0000000050,EB-1133, ,USD,2250,1968.75,281.25,I,,5,EA,20190423
0500000270,0000000060,DB-1081, ,USD,1499,1311.625,187.375,I,,10,EA,20190423
0500000270,0000000070,CB-1162, ,USD,400,350,50,I,,10,EA,20190423
0500000271,0000000010,BX-1012, ,USD,399,349.125,49.875,I,,9,EA,20190424
0500000271,0000000020,CB-1161, ,USD,399,349.125,49.875,I,,7,EA,20190424
0500000272,0000000010,EB-1137, ,USD,7900,6912.5,987.5,I,,1,EA,20190402
0500000272,0000000020,RO-1002, ,USD,689,602.875,86.125,I,,10,EA,20190402
0500000272,0000000030,BX-1013, ,USD,449,392.875,56.125,I,,9,EA,20190402
0500000272,0000000040,MB-1033, ,USD,3999,3499.125,499.875,I,,9,EA,20190402
0500000272,0000000050,DB-1083, ,USD,1199,1049.125,149.875,I,,10,EA,20190402
0500000272,0000000060,RC-1054, ,USD,5499,4811.625,687.375,I,,9,EA,20190402
0500000272,0000000070,HB-1173, ,USD,649,567.875,81.125,I,,7,EA,20190402
0500000272,0000000080,CB-1163, ,USD,288,252,36,I,,5,EA,20190402
0500000272,0000000090,CC-1023, ,USD,1361,1190.875,170.125,I,,7,EA,20190402
0500000272,0000000100,CB-1161, ,USD,399,349.125,49.875,I,,3,EA,20190402
0500000273,0000000010,EB-1136, ,USD,5000,4375,625,I,,8,EA,20190413
0500000273,0000000020,RC-1056, ,USD,2499,2186.625,312.375,I,,8,EA,20190413
0500000273,0000000030,RC-1054, ,USD,5499,4811.625,687.375,I,,7,EA,20190413
0500000273,0000000040,BX-1011, ,USD,249,217.875,31.125,I,,7,EA,20190413
0500000273,0000000050,MB-1032, ,USD,1299,1136.625,162.375,I,,4,EA,20190413
0500000273,0000000060,EB-1137, ,USD,7900,6912.5,987.5,I,,6,EA,20190413
0500000273,0000000070,BX-1011, ,USD,249,217.875,31.125,I,,1,EA,20190413
0500000274,0000000010,RO-1003, ,USD,721,630.875,90.125,I,,5,EA,20190408
0500000274,0000000020,BX-1016, ,USD,319,279.125,39.875,I,,3,EA,20190408
0500000274,0000000030,CB-1163, ,USD,288,252,36,I,,8,EA,20190408
0500000274,0000000040,EB-1136, ,USD,5000,4375,625,I,,3,EA,20190408
0500000274,0000000050,CB-1163, ,USD,288,252,36,I,,7,EA,20190408
0500000274,0000000060,HB-1176, ,USD,1199,1049.125,149.875,I,,4,EA,20190408
0500000274,0000000070,EB-1132, ,USD,1900,1662.5,237.5,I,,10,EA,20190408
0500000274,0000000080,RC-1053, ,USD,4599,4024.125,574.875,I,,8,EA,20190408
0500000275,0000000010,BX-1016, ,USD,319,279.125,39.875,I,,10,EA,20190503
0500000275,0000000020,EB-1132, ,USD,1900,1662.5,237.5,I,,3,EA,20190503
0500000275,0000000030,RO-1003, ,USD,721,630.875,90.125,I,,6,EA,20190503
0500000275,0000000040,CB-1161, ,USD,399,349.125,49.875,I,,9,EA,20190503
0500000275,0000000050,EB-1133, ,USD,2250,1968.75,281.25,I,,8,EA,20190503
0500000276,0000000010,MB-1031, ,USD,649,567.875,81.125,I,,10,EA,20190427
0500000276,0000000020,EB-1134, ,USD,4800,4200,600,I,,9,EA,20190427
0500000276,0000000030,BX-1013, ,USD,449,392.875,56.125,I,,6,EA,20190427
0500000276,0000000040,MB-1033, ,USD,3999,3499.125,499.875,I,,3,EA,20190427
0500000276,0000000050,BX-1016, ,USD,319,279.125,39.875,I,,7,EA,20190427
0500000276,0000000060,BX-1013, ,USD,449,392.875,56.125,I,,6,EA,20190427
0500000276,0000000070,EB-1132, ,USD,1900,1662.5,237.5,I,,7,EA,20190427
0500000276,0000000080,RC-1057, ,USD,4999,4374.125,624.875,I,,5,EA,20190427
0500000276,0000000090,CC-1023, ,USD,1361,1190.875,170.125,I,,9,EA,20190427
0500000276,0000000100,RC-1055, ,USD,1999,1749.125,249.875,I,,3,EA,20190427
0500000277,0000000010,CB-1162, ,USD,400,350,50,I,,5,EA,20190415
0500000277,0000000020,RC-1053, ,USD,4599,4024.125,574.875,I,,8,EA,20190415
0500000277,0000000030,HB-1176, ,USD,1199,1049.125,149.875,I,,6,EA,20190415
0500000278,0000000010,EB-1132, ,USD,1900,1662.5,237.5,I,,1,EA,20190423
0500000278,0000000020,RO-1003, ,USD,721,630.875,90.125,I,,10,EA,20190423
0500000278,0000000030,CC-1023, ,USD,1361,1190.875,170.125,I,,9,EA,20190423
0500000278,0000000040,BX-1013, ,USD,449,392.875,56.125,I,,4,EA,20190423
0500000279,0000000010,RO-1003, ,USD,721,630.875,90.125,I,,5,EA,20190415
0500000279,0000000020,RO-1001, ,USD,525,459.375,65.625,I,,4,EA,20190415
0500000279,0000000030,RC-1057, ,USD,4999,4374.125,624.875,I,,9,EA,20190415
0500000280,0000000010,EB-1134, ,USD,4800,4200,600,I,,9,EA,20190428
0500000280,0000000020,HB-1173, ,USD,649,567.875,81.125,I,,6,EA,20190428
0500000280,0000000030,EB-1137, ,USD,7900,6912.5,987.5,I,,1,EA,20190428
0500000280,0000000040,CB-1161, ,USD,399,349.125,49.875,I,,6,EA,20190428
0500000280,0000000050,HB-1173, ,USD,649,567.875,81.125,I,,7,EA,20190428
0500000280,0000000060,HB-1175, ,USD,899,786.625,112.375,I,,7,EA,20190428
0500000280,0000000070,BX-1012, ,USD,399,349.125,49.875,I,,8,EA,20190428
0500000281,0000000010,MB-1032, ,USD,1299,1136.625,162.375,I,,6,EA,20190427
0500000281,0000000020,RC-1055, ,USD,1999,1749.125,249.875,I,,10,EA,20190427
0500000281,0000000030,CB-1163, ,USD,288,252,36,I,,1,EA,20190427
0500000281,0000000040,BX-1013, ,USD,449,392.875,56.125,I,,10,EA,20190427
0500000281,0000000050,MB-1034, ,USD,2499,2186.625,312.375,I,,4,EA,20190427
0500000281,0000000060,DB-1081, ,USD,1499,1311.625,187.375,I,,1,EA,20190427
0500000281,0000000070,HB-1174, ,USD,379,331.625,47.375,I,,7,EA,20190427
0500000281,0000000080,CB-1161, ,USD,399,349.125,49.875,I,,7,EA,20190427
0500000281,0000000090,RC-1054, ,USD,5499,4811.625,687.375,I,,6,EA,20190427
0500000282,0000000010,EB-1137, ,USD,7900,6912.5,987.5,I,,7,EA,20190416
0500000282,0000000020,EB-1137, ,USD,7900,6912.5,987.5,I,,10,EA,20190416
0500000282,0000000030,CB-1163, ,USD,288,252,36,I,,8,EA,20190416
0500000282,0000000040,CC-1023, ,USD,1361,1190.875,170.125,I,,1,EA,20190416
0500000282,0000000050,BX-1015, ,USD,299,261.625,37.375,I,,3,EA,20190416
0500000282,0000000060,EB-1136, ,USD,5000,4375,625,I,,8,EA,20190416
0500000282,0000000070,BX-1015, ,USD,299,261.625,37.375,I,,9,EA,20190416
0500000282,0000000080,HB-1171, ,USD,699,611.625,87.375,I,,2,EA,20190416
0500000283,0000000010,RO-1002, ,USD,689,602.875,86.125,I,,9,EA,20190416
0500000284,0000000010,DB-1082, ,USD,1250,1093.75,156.25,I,,1,EA,20190422
0500000284,0000000020,HB-1175, ,USD,899,786.625,112.375,I,,1,EA,20190422
0500000284,0000000030,EB-1134, ,USD,4800,4200,600,I,,1,EA,20190422
0500000284,0000000040,CB-1163, ,USD,288,252,36,I,,10,EA,20190422
0500000284,0000000050,BX-1015, ,USD,299,261.625,37.375,I,,9,EA,20190422
0500000284,0000000060,HB-1176, ,USD,1199,1049.125,149.875,I,,10,EA,20190422
0500000284,0000000070,RC-1057, ,USD,4999,4374.125,624.875,I,,8,EA,20190422
0500000285,0000000010,RO-1002, ,USD,689,602.875,86.125,I,,8,EA,20190513
0500000285,0000000020,MB-1034, ,USD,2499,2186.625,312.375,I,,5,EA,20190513
0500000285,0000000030,EB-1134, ,USD,4800,4200,600,I,,5,EA,20190513
0500000285,0000000040,RC-1054, ,USD,5499,4811.625,687.375,I,,2,EA,20190513
0500000286,0000000010,MB-1031, ,USD,649,567.875,81.125,I,,4,EA,20190424
0500000286,0000000020,MB-1031, ,USD,649,567.875,81.125,I,,9,EA,20190424
0500000286,0000000030,BX-1013, ,USD,449,392.875,56.125,I,,7,EA,20190424
0500000287,0000000010,CC-1022, ,USD,1200,1050,150,I,,1,EA,20190510
0500000287,0000000020,BX-1015, ,USD,299,261.625,37.375,I,,5,EA,20190510
0500000287,0000000030,MB-1033, ,USD,3999,3499.125,499.875,I,,2,EA,20190510
0500000287,0000000040,HB-1176, ,USD,1199,1049.125,149.875,I,,9,EA,20190510
0500000287,0000000050,HB-1175, ,USD,899,786.625,112.375,I,,4,EA,20190510
0500000287,0000000060,CB-1163, ,USD,288,252,36,I,,6,EA,20190510
0500000287,0000000070,HB-1173, ,USD,649,567.875,81.125,I,,8,EA,20190510
0500000287,0000000080,EB-1137, ,USD,7900,6912.5,987.5,I,,1,EA,20190510
0500000287,0000000090,EB-1137, ,USD,7900,6912.5,987.5,I,,5,EA,20190510
0500000288,0000000010,MB-1034, ,USD,2499,2186.625,312.375,I,,10,EA,20190429
0500000288,0000000020,HB-1176, ,USD,1199,1049.125,149.875,I,,3,EA,20190429
0500000289,0000000010,BX-1012, ,USD,399,349.125,49.875,I,,7,EA,20190513
0500000289,0000000020,CC-1022, ,USD,1200,1050,150,I,,2,EA,20190513
0500000289,0000000030,BX-1011, ,USD,249,217.875,31.125,I,,6,EA,20190513
0500000290,0000000010,CC-1021, ,USD,1144,1001,143,I,,1,EA,20190508
0500000290,0000000020,EB-1136, ,USD,5000,4375,625,I,,9,EA,20190508
0500000290,0000000030,RC-1055, ,USD,1999,1749.125,249.875,I,,8,EA,20190508
0500000290,0000000040,EB-1133, ,USD,2250,1968.75,281.25,I,,8,EA,20190508
0500000290,0000000050,DB-1083, ,USD,1199,1049.125,149.875,I,,8,EA,20190508
0500000290,0000000060,CC-1023, ,USD,1361,1190.875,170.125,I,,2,EA,20190508
0500000290,0000000070,BX-1013, ,USD,449,392.875,56.125,I,,1,EA,20190508
0500000290,0000000080,EB-1133, ,USD,2250,1968.75,281.25,I,,6,EA,20190508
0500000290,0000000090,MB-1033, ,USD,3999,3499.125,499.875,I,,6,EA,20190508
0500000291,0000000010,EB-1136, ,USD,5000,4375,625,I,,3,EA,20190513
0500000291,0000000020,DB-1083, ,USD,1199,1049.125,149.875,I,,10,EA,20190513
0500000291,0000000030,BX-1014, ,USD,799,699.125,99.875,I,,9,EA,20190513
0500000291,0000000040,EB-1136, ,USD,5000,4375,625,I,,6,EA,20190513
0500000291,0000000050,MB-1033, ,USD,3999,3499.125,499.875,I,,10,EA,20190513
0500000291,0000000060,CB-1162, ,USD,400,350,50,I,,1,EA,20190513
0500000291,0000000070,CC-1021, ,USD,1144,1001,143,I,,1,EA,20190513
0500000291,0000000080,HB-1173, ,USD,649,567.875,81.125,I,,6,EA,20190513
0500000291,0000000090,HB-1172, ,USD,799,699.125,99.875,I,,7,EA,20190513
0500000292,0000000010,DB-1083, ,USD,1199,1049.125,149.875,I,,8,EA,20190517
0500000292,0000000020,RO-1003, ,USD,721,630.875,90.125,I,,5,EA,20190517
0500000292,0000000030,BX-1013, ,USD,449,392.875,56.125,I,,2,EA,20190517
0500000293,0000000010,MB-1031, ,USD,649,567.875,81.125,I,,7,EA,20190511
0500000293,0000000020,EB-1135, ,USD,3000,2625,375,I,,10,EA,20190511
0500000293,0000000030,BX-1014, ,USD,799,699.125,99.875,I,,3,EA,20190511
0500000293,0000000040,RC-1053, ,USD,4599,4024.125,574.875,I,,3,EA,20190511
0500000293,0000000050,RO-1001, ,USD,525,459.375,65.625,I,,7,EA,20190511
0500000293,0000000060,RC-1055, ,USD,1999,1749.125,249.875,I,,9,EA,20190511
0500000293,0000000070,RC-1055, ,USD,1999,1749.125,249.875,I,,10,EA,20190511
0500000293,0000000080,RC-1052, ,USD,3999,3499.125,499.875,I,,3,EA,20190511
0500000293,0000000090,CB-1161, ,USD,399,349.125,49.875,I,,2,EA,20190511
0500000293,0000000100,RC-1053, ,USD,4599,4024.125,574.875,I,,4,EA,20190511
0500000294,0000000010,HB-1171, ,USD,699,611.625,87.375,I,,4,EA,20190512
0500000294,0000000020,BX-1015, ,USD,299,261.625,37.375,I,,6,EA,20190512
0500000294,0000000030,CB-1163, ,USD,288,252,36,I,,1,EA,20190512
0500000294,0000000040,BX-1015, ,USD,299,261.625,37.375,I,,2,EA,20190512
0500000294,0000000050,RC-1057, ,USD,4999,4374.125,624.875,I,,4,EA,20190512
0500000294,0000000060,DB-1083, ,USD,1199,1049.125,149.875,I,,4,EA,20190512
0500000294,0000000070,EB-1135, ,USD,3000,2625,375,I,,8,EA,20190512
0500000294,0000000080,RC-1051, ,USD,2499,2186.625,312.375,I,,5,EA,20190512
0500000295,0000000010,BX-1015, ,USD,299,261.625,37.375,I,,6,EA,20190518
0500000295,0000000020,BX-1014, ,USD,799,699.125,99.875,I,,5,EA,20190518
0500000295,0000000030,EB-1134, ,USD,4800,4200,600,I,,4,EA,20190518
0500000295,0000000040,DB-1083, ,USD,1199,1049.125,149.875,I,,10,EA,20190518
0500000296,0000000010,RC-1055, ,USD,1999,1749.125,249.875,I,,10,EA,20190520
0500000296,0000000020,BX-1012, ,USD,399,349.125,49.875,I,,7,EA,20190520
0500000296,0000000030,RC-1052, ,USD,3999,3499.125,499.875,I,,8,EA,20190520
0500000296,0000000040,CC-1021, ,USD,1144,1001,143,I,,8,EA,20190520
0500000296,0000000050,RC-1054, ,USD,5499,4811.625,687.375,I,,6,EA,20190520
0500000297,0000000010,EB-1131, ,USD,1500,1312.5,187.5,I,,1,EA,20190519
0500000297,0000000020,EB-1135, ,USD,3000,2625,375,I,,3,EA,20190519
0500000297,0000000030,BX-1015, ,USD,299,261.625,37.375,I,,8,EA,20190519
0500000297,0000000040,BX-1011, ,USD,249,217.875,31.125,I,,6,EA,20190519
0500000297,0000000050,DB-1083, ,USD,1199,1049.125,149.875,I,,6,EA,20190519
0500000297,0000000060,HB-1175, ,USD,899,786.625,112.375,I,,3,EA,20190519
0500000297,0000000070,CC-1023, ,USD,1361,1190.875,170.125,I,,8,EA,20190519
0500000297,0000000080,MB-1034, ,USD,2499,2186.625,312.375,I,,7,EA,20190519
0500000297,0000000090,EB-1131, ,USD,1500,1312.5,187.5,I,,9,EA,20190519
0500000297,0000000100,CB-1162, ,USD,400,350,50,I,,6,EA,20190519
0500000298,0000000010,CC-1022, ,USD,1200,1050,150,I,,8,EA,20190530
0500000298,0000000020,EB-1131, ,USD,1500,1312.5,187.5,I,,1,EA,20190530
0500000298,0000000030,BX-1013, ,USD,449,392.875,56.125,I,,5,EA,20190530
0500000299,0000000010,RC-1055, ,USD,1999,1749.125,249.875,I,,6,EA,20190525
0500000299,0000000020,RC-1056, ,USD,2499,2186.625,312.375,I,,8,EA,20190525
0500000299,0000000030,EB-1134, ,USD,4800,4200,600,I,,10,EA,20190525
0500000299,0000000040,RC-1057, ,USD,4999,4374.125,624.875,I,,6,EA,20190525
0500000299,0000000050,HB-1171, ,USD,699,611.625,87.375,I,,1,EA,20190525
0500000300,0000000010,MB-1031, ,USD,649,567.875,81.125,I,,7,EA,20190511
0500000300,0000000020,EB-1135, ,USD,3000,2625,375,I,,9,EA,20190511
0500000300,0000000030,RC-1055, ,USD,1999,1749.125,249.875,I,,2,EA,20190511
0500000300,0000000040,HB-1173, ,USD,649,567.875,81.125,I,,7,EA,20190511
0500000300,0000000050,RC-1052, ,USD,3999,3499.125,499.875,I,,3,EA,20190511
0500000300,0000000060,EB-1135, ,USD,3000,2625,375,I,,6,EA,20190511
0500000300,0000000070,RC-1054, ,USD,5499,4811.625,687.375,I,,7,EA,20190511
0500000300,0000000080,EB-1131, ,USD,1500,1312.5,187.5,I,,6,EA,20190511
0500000300,0000000090,MB-1033, ,USD,3999,3499.125,499.875,I,,7,EA,20190511
0500000301,0000000010,BX-1012, ,USD,399,349.125,49.875,I,,1,EA,20190604
0500000301,0000000020,BX-1016, ,USD,319,279.125,39.875,I,,1,EA,20190604
0500000301,0000000030,EB-1133, ,USD,2250,1968.75,281.25,I,,9,EA,20190604
0500000302,0000000010,MB-1032, ,USD,1299,1136.625,162.375,I,,1,EA,20190531
0500000302,0000000020,HB-1173, ,USD,649,567.875,81.125,I,,7,EA,20190531
0500000302,0000000030,BX-1013, ,USD,449,392.875,56.125,I,,2,EA,20190531
0500000302,0000000040,EB-1131, ,USD,1500,1312.5,187.5,I,,5,EA,20190531
0500000302,0000000050,CB-1163, ,USD,288,252,36,I,,6,EA,20190531
0500000302,0000000060,EB-1134, ,USD,4800,4200,600,I,,5,EA,20190531
0500000302,0000000070,DB-1083, ,USD,1199,1049.125,149.875,I,,7,EA,20190531
0500000302,0000000080,BX-1016, ,USD,319,279.125,39.875,I,,9,EA,20190531
0500000302,0000000090,CC-1023, ,USD,1361,1190.875,170.125,I,,1,EA,20190531
0500000302,0000000100,CC-1022, ,USD,1200,1050,150,I,,8,EA,20190531
0500000303,0000000010,RC-1057, ,USD,4999,4374.125,624.875,I,,10,EA,20190515
0500000303,0000000020,CC-1021, ,USD,1144,1001,143,I,,8,EA,20190515
0500000303,0000000030,RC-1056, ,USD,2499,2186.625,312.375,I,,6,EA,20190515
0500000304,0000000010,BX-1016, ,USD,319,279.125,39.875,I,,10,EA,20190526
0500000304,0000000020,RC-1052, ,USD,3999,3499.125,499.875,I,,4,EA,20190526
0500000304,0000000030,EB-1134, ,USD,4800,4200,600,I,,2,EA,20190526
0500000304,0000000040,RC-1056, ,USD,2499,2186.625,312.375,I,,3,EA,20190526
0500000304,0000000050,DB-1082, ,USD,1250,1093.75,156.25,I,,4,EA,20190526
0500000304,0000000060,RO-1002, ,USD,689,602.875,86.125,I,,8,EA,20190526
0500000304,0000000070,RC-1057, ,USD,4999,4374.125,624.875,I,,9,EA,20190526
0500000304,0000000080,CC-1021, ,USD,1144,1001,143,I,,3,EA,20190526
0500000304,0000000090,BX-1013, ,USD,449,392.875,56.125,I,,1,EA,20190526
0500000305,0000000010,MB-1033, ,USD,3999,3499.125,499.875,I,,5,EA,20190613
0500000305,0000000020,BX-1011, ,USD,249,217.875,31.125,I,,5,EA,20190613
0500000305,0000000030,EB-1137, ,USD,7900,6912.5,987.5,I,,10,EA,20190613
0500000305,0000000040,RC-1052, ,USD,3999,3499.125,499.875,I,,2,EA,20190613
0500000305,0000000050,MB-1033, ,USD,3999,3499.125,499.875,I,,4,EA,20190613
0500000305,0000000060,RC-1057, ,USD,4999,4374.125,624.875,I,,3,EA,20190613
0500000305,0000000070,EB-1132, ,USD,1900,1662.5,237.5,I,,6,EA,20190613
0500000306,0000000010,RO-1002, ,USD,689,602.875,86.125,I,,6,EA,20190524
0500000306,0000000020,EB-1132, ,USD,1900,1662.5,237.5,I,,10,EA,20190524
0500000306,0000000030,RC-1052, ,USD,3999,3499.125,499.875,I,,5,EA,20190524
0500000306,0000000040,MB-1034, ,USD,2499,2186.625,312.375,I,,4,EA,20190524
0500000306,0000000050,EB-1137, ,USD,7900,6912.5,987.5,I,,5,EA,20190524
0500000307,0000000010,CC-1022, ,USD,1200,1050,150,I,,1,EA,20190531
0500000307,0000000020,DB-1083, ,USD,1199,1049.125,149.875,I,,7,EA,20190531
0500000307,0000000030,EB-1137, ,USD,7900,6912.5,987.5,I,,5,EA,20190531
0500000308,0000000010,RC-1055, ,USD,1999,1749.125,249.875,I,,7,EA,29991212
0500000308,0000000020,MB-1034, ,USD,2499,2186.625,312.375,I,,9,EA,29991212
0500000308,0000000030,CB-1163, ,USD,288,252,36,I,,5,EA,29991212
0500000308,0000000040,CC-1023, ,USD,1361,1190.875,170.125,I,,3,EA,29991212
0500000308,0000000050,MB-1033, ,USD,3999,3499.125,499.875,I,,5,EA,29991212
0500000308,0000000060,CC-1023, ,USD,1361,1190.875,170.125,I,,8,EA,29991212
0500000308,0000000070,EB-1137, ,USD,7900,6912.5,987.5,I,,8,EA,29991212
0500000308,0000000080,RO-1003, ,USD,721,630.875,90.125,I,,2,EA,29991212
0500000309,0000000010,EB-1136, ,USD,5000,4375,625,I,,9,EA,20190619
0500000309,0000000020,RC-1051, ,USD,2499,2186.625,312.375,I,,2,EA,20190619
0500000309,0000000030,HB-1172, ,USD,799,699.125,99.875,I,,7,EA,20190619
0500000309,0000000040,EB-1131, ,USD,1500,1312.5,187.5,I,,3,EA,20190619
0500000309,0000000050,MB-1031, ,USD,649,567.875,81.125,I,,10,EA,20190619
0500000309,0000000060,BX-1016, ,USD,319,279.125,39.875,I,,2,EA,20190619
0500000310,0000000010,EB-1132, ,USD,1900,1662.5,237.5,I,,6,EA,20190625
0500000310,0000000020,RC-1054, ,USD,5499,4811.625,687.375,I,,7,EA,20190625
0500000311,0000000010,DB-1082, ,USD,1250,1093.75,156.25,I,,9,EA,20190524
0500000311,0000000020,CC-1023, ,USD,1361,1190.875,170.125,I,,7,EA,20190524
0500000311,0000000030,EB-1131, ,USD,1500,1312.5,187.5,I,,3,EA,20190524
0500000311,0000000040,CC-1022, ,USD,1200,1050,150,I,,3,EA,20190524
0500000311,0000000050,EB-1133, ,USD,2250,1968.75,281.25,I,,7,EA,20190524
0500000312,0000000010,MB-1031, ,USD,649,567.875,81.125,I,,10,EA,20190620
0500000312,0000000020,HB-1175, ,USD,899,786.625,112.375,I,,9,EA,20190620
0500000312,0000000030,RC-1052, ,USD,3999,3499.125,499.875,I,,6,EA,20190620
0500000312,0000000040,DB-1082, ,USD,1250,1093.75,156.25,I,,10,EA,20190620
0500000312,0000000050,BX-1012, ,USD,399,349.125,49.875,I,,10,EA,20190620
0500000313,0000000010,HB-1171, ,USD,699,611.625,87.375,I,,7,EA,20190603
0500000313,0000000020,CB-1162, ,USD,400,350,50,I,,5,EA,20190603
0500000313,0000000030,HB-1176, ,USD,1199,1049.125,149.875,I,,3,EA,20190603
0500000313,0000000040,MB-1031, ,USD,649,567.875,81.125,I,,8,EA,20190603
0500000313,0000000050,HB-1172, ,USD,799,699.125,99.875,I,,4,EA,20190603
0500000313,0000000060,CC-1023, ,USD,1361,1190.875,170.125,I,,4,EA,20190603
0500000313,0000000070,RC-1056, ,USD,2499,2186.625,312.375,I,,10,EA,20190603
0500000313,0000000080,BX-1011, ,USD,249,217.875,31.125,I,,1,EA,20190603
0500000313,0000000090,CC-1022, ,USD,1200,1050,150,I,,4,EA,20190603
0500000313,0000000100,EB-1134, ,USD,4800,4200,600,I,,4,EA,20190603
0500000314,0000000010,MB-1031, ,USD,649,567.875,81.125,I,,2,EA,20190627
0500000314,0000000020,CC-1022, ,USD,1200,1050,150,I,,3,EA,20190627
0500000314,0000000030,BX-1013, ,USD,449,392.875,56.125,I,,7,EA,20190627
0500000314,0000000040,MB-1031, ,USD,649,567.875,81.125,I,,1,EA,20190627
0500000314,0000000050,DB-1083, ,USD,1199,1049.125,149.875,I,,3,EA,20190627
0500000314,0000000060,CB-1162, ,USD,400,350,50,I,,3,EA,20190627
0500000314,0000000070,CB-1162, ,USD,400,350,50,I,,10,EA,20190627
0500000314,0000000080,CB-1162, ,USD,400,350,50,I,,3,EA,20190627
0500000314,0000000090,CC-1023, ,USD,1361,1190.875,170.125,I,,7,EA,20190627
0500000314,0000000100,MB-1032, ,USD,1299,1136.625,162.375,I,,9,EA,20190627
0500000315,0000000010,HB-1172, ,USD,799,699.125,99.875,I,,9,EA,20190616
0500000315,0000000020,RC-1057, ,USD,4999,4374.125,624.875,I,,2,EA,20190616
0500000315,0000000030,EB-1134, ,USD,4800,4200,600,I,,2,EA,20190616
0500000315,0000000040,RC-1055, ,USD,1999,1749.125,249.875,I,,6,EA,20190616
0500000316,0000000010,CB-1163, ,USD,288,252,36,I,,10,EA,20190628
0500000317,0000000010,BX-1011, ,USD,249,217.875,31.125,I,,4,EA,20190608
0500000317,0000000020,EB-1132, ,USD,1900,1662.5,237.5,I,,8,EA,20190608
0500000318,0000000010,DB-1083, ,USD,1199,1049.125,149.875,I,,7,EA,20190622
0500000318,0000000020,DB-1083, ,USD,1199,1049.125,149.875,I,,2,EA,20190622
0500000318,0000000030,EB-1134, ,USD,4800,4200,600,I,,9,EA,20190622
0500000318,0000000040,HB-1175, ,USD,899,786.625,112.375,I,,9,EA,20190622
0500000318,0000000050,RC-1053, ,USD,4599,4024.125,574.875,I,,10,EA,20190622
0500000318,0000000060,DB-1081, ,USD,1499,1311.625,187.375,I,,7,EA,20190622
0500000318,0000000070,HB-1171, ,USD,699,611.625,87.375,I,,8,EA,20190622
0500000319,0000000010,RC-1054, ,USD,5499,4811.625,687.375,I,,8,EA,20190619
0500000319,0000000020,RC-1056, ,USD,2499,2186.625,312.375,I,,2,EA,20190619
0500000319,0000000030,MB-1031, ,USD,649,567.875,81.125,I,,7,EA,20190619
0500000320,0000000010,DB-1083, ,USD,1199,1049.125,149.875,I,,4,EA,20190621
0500000320,0000000020,BX-1016, ,USD,319,279.125,39.875,I,,5,EA,20190621
0500000320,0000000030,BX-1013, ,USD,449,392.875,56.125,I,,8,EA,20190621
0500000320,0000000040,RO-1001, ,USD,525,459.375,65.625,I,,4,EA,20190621
0500000320,0000000050,CC-1023, ,USD,1361,1190.875,170.125,I,,7,EA,20190621
0500000320,0000000060,CB-1161, ,USD,399,349.125,49.875,I,,4,EA,20190621
0500000320,0000000070,CC-1023, ,USD,1361,1190.875,170.125,I,,10,EA,20190621
0500000320,0000000080,RO-1002, ,USD,689,602.875,86.125,I,,1,EA,20190621
0500000321,0000000010,CC-1022, ,USD,1200,1050,150,I,,7,EA,20190605
0500000321,0000000020,DB-1081, ,USD,1499,1311.625,187.375,I,,10,EA,20190605
0500000321,0000000030,HB-1172, ,USD,799,699.125,99.875,I,,8,EA,20190605
0500000321,0000000040,EB-1136, ,USD,5000,4375,625,I,,8,EA,20190605
0500000321,0000000050,CC-1021, ,USD,1144,1001,143,I,,6,EA,20190605
0500000321,0000000060,DB-1083, ,USD,1199,1049.125,149.875,I,,7,EA,20190605
0500000321,0000000070,BX-1016, ,USD,319,279.125,39.875,I,,3,EA,20190605
0500000321,0000000080,EB-1136, ,USD,5000,4375,625,I,,2,EA,20190605
0500000321,0000000090,BX-1012, ,USD,399,349.125,49.875,I,,7,EA,20190605
0500000321,0000000100,RC-1057, ,USD,4999,4374.125,624.875,I,,5,EA,20190605
0500000322,0000000010,EB-1131, ,USD,1500,1312.5,187.5,I,,7,EA,20190617
0500000322,0000000020,MB-1032, ,USD,1299,1136.625,162.375,I,,4,EA,20190617
0500000322,0000000030,BX-1013, ,USD,449,392.875,56.125,I,,5,EA,20190617
0500000322,0000000040,CB-1163, ,USD,288,252,36,I,,4,EA,20190617
0500000322,0000000050,HB-1173, ,USD,649,567.875,81.125,I,,7,EA,20190617
0500000322,0000000060,HB-1172, ,USD,799,699.125,99.875,I,,1,EA,20190617
0500000322,0000000070,CB-1163, ,USD,288,252,36,I,,2,EA,20190617
0500000322,0000000080,HB-1174, ,USD,379,331.625,47.375,I,,1,EA,20190617
0500000322,0000000090,CC-1023, ,USD,1361,1190.875,170.125,I,,8,EA,20190617
0500000322,0000000100,HB-1171, ,USD,699,611.625,87.375,I,,10,EA,20190617
0500000323,0000000010,EB-1132, ,USD,1900,1662.5,237.5,I,,2,EA,20190610
0500000323,0000000020,RC-1057, ,USD,4999,4374.125,624.875,I,,9,EA,20190610
0500000323,0000000030,HB-1174, ,USD,379,331.625,47.375,I,,2,EA,20190610
0500000323,0000000040,EB-1135, ,USD,3000,2625,375,I,,10,EA,20190610
0500000323,0000000050,EB-1133, ,USD,2250,1968.75,281.25,I,,1,EA,20190610
0500000323,0000000060,BX-1011, ,USD,249,217.875,31.125,I,,9,EA,20190610
0500000323,0000000070,MB-1033, ,USD,3999,3499.125,499.875,I,,4,EA,20190610
0500000324,0000000010,MB-1034, ,USD,2499,2186.625,312.375,I,,4,EA,20190606
0500000324,0000000020,BX-1016, ,USD,319,279.125,39.875,I,,2,EA,20190606
0500000324,0000000030,BX-1013, ,USD,449,392.875,56.125,I,,7,EA,20190606
0500000325,0000000010,MB-1033, ,USD,3999,3499.125,499.875,I,,3,EA,20190614
0500000325,0000000020,RO-1002, ,USD,689,602.875,86.125,I,,4,EA,20190614
0500000325,0000000030,EB-1137, ,USD,7900,6912.5,987.5,I,,8,EA,20190614
0500000325,0000000040,MB-1032, ,USD,1299,1136.625,162.375,I,,2,EA,20190614
0500000325,0000000050,BX-1012, ,USD,399,349.125,49.875,I,,5,EA,20190614
0500000325,0000000060,CB-1162, ,USD,400,350,50,I,,4,EA,20190614
0500000325,0000000070,RO-1002, ,USD,689,602.875,86.125,I,,5,EA,20190614
0500000326,0000000010,EB-1136, ,USD,5000,4375,625,I,,10,EA,20190606
0500000326,0000000020,BX-1016, ,USD,319,279.125,39.875,I,,1,EA,20190606
0500000326,0000000030,BX-1013, ,USD,449,392.875,56.125,I,,10,EA,20190606
0500000327,0000000010,BX-1013, ,USD,449,392.875,56.125,I,,5,EA,20190630
0500000327,0000000020,RO-1002, ,USD,689,602.875,86.125,I,,7,EA,20190630
0500000327,0000000030,DB-1082, ,USD,1250,1093.75,156.25,I,,4,EA,20190630
0500000327,0000000040,RC-1051, ,USD,2499,2186.625,312.375,I,,2,EA,20190630
0500000328,0000000010,HB-1174, ,USD,379,331.625,47.375,I,,4,EA,20190708
0500000328,0000000020,EB-1132, ,USD,1900,1662.5,237.5,I,,5,EA,20190708
0500000329,0000000010,RC-1053, ,USD,4599,4024.125,574.875,I,,9,EA,20190613
0500000329,0000000020,BX-1014, ,USD,799,699.125,99.875,I,,1,EA,20190613
0500000329,0000000030,CC-1022, ,USD,1200,1050,150,I,,7,EA,20190613
0500000329,0000000040,RC-1053, ,USD,4599,4024.125,574.875,I,,3,EA,20190613
0500000329,0000000050,CC-1023, ,USD,1361,1190.875,170.125,I,,9,EA,20190613
0500000329,0000000060,HB-1173, ,USD,649,567.875,81.125,I,,10,EA,20190613
0500000329,0000000070,DB-1081, ,USD,1499,1311.625,187.375,I,,5,EA,20190613
0500000330,0000000010,BX-1012, ,USD,399,349.125,49.875,I,,1,EA,20190613
0500000330,0000000020,CB-1163, ,USD,288,252,36,I,,8,EA,20190613
0500000330,0000000030,EB-1137, ,USD,7900,6912.5,987.5,I,,4,EA,20190613
0500000330,0000000040,MB-1032, ,USD,1299,1136.625,162.375,I,,8,EA,20190613
0500000330,0000000050,RC-1057, ,USD,4999,4374.125,624.875,I,,8,EA,20190613
0500000330,0000000060,HB-1171, ,USD,699,611.625,87.375,I,,6,EA,20190613
0500000330,0000000070,RC-1056, ,USD,2499,2186.625,312.375,I,,10,EA,20190613
0500000331,0000000010,HB-1175, ,USD,899,786.625,112.375,I,,3,EA,20190630
0500000331,0000000020,RC-1051, ,USD,2499,2186.625,312.375,I,,4,EA,20190630
0500000332,0000000010,HB-1171, ,USD,699,611.625,87.375,I,,10,EA,20190619
0500000332,0000000020,BX-1011, ,USD,249,217.875,31.125,I,,5,EA,20190619
0500000332,0000000030,CB-1163, ,USD,288,252,36,I,,7,EA,20190619
0500000332,0000000040,CC-1022, ,USD,1200,1050,150,I,,3,EA,20190619
0500000332,0000000050,BX-1014, ,USD,799,699.125,99.875,I,,9,EA,20190619
0500000332,0000000060,RC-1052, ,USD,3999,3499.125,499.875,I,,9,EA,20190619
0500000332,0000000070,RC-1055, ,USD,1999,1749.125,249.875,I,,4,EA,20190619
0500000332,0000000080,RC-1054, ,USD,5499,4811.625,687.375,I,,1,EA,20190619
0500000333,0000000010,MB-1031, ,USD,649,567.875,81.125,I,,10,EA,20190709
0500000333,0000000020,BX-1013, ,USD,449,392.875,56.125,I,,3,EA,20190709
0500000333,0000000030,EB-1132, ,USD,1900,1662.5,237.5,I,,3,EA,20190709
0500000333,0000000040,BX-1011, ,USD,249,217.875,31.125,I,,5,EA,20190709
0500000333,0000000050,BX-1015, ,USD,299,261.625,37.375,I,,6,EA,20190709
